{"roll_call":{"roll_call_id":1480295,"bill_id":1907388,"date":"2025-02-04","desc":"House: Agriculture Committee: DO PASS","yea":7,"nay":0,"nv":0,"absent":0,"total":7,"passed":1,"chamber":"H","chamber_id":79,"votes":[{"people_id":18990,"vote_id":1,"vote_text":"Yea"},{"people_id":20564,"vote_id":1,"vote_text":"Yea"},{"people_id":20832,"vote_id":1,"vote_text":"Yea"},{"people_id":20878,"vote_id":1,"vote_text":"Yea"},{"people_id":20879,"vote_id":1,"vote_text":"Yea"},{"people_id":20891,"vote_id":1,"vote_text":"Yea"},{"people_id":21326,"vote_id":1,"vote_text":"Yea"}]}}