{"roll_call":{"roll_call_id":1480639,"bill_id":1902791,"date":"2025-02-05","desc":"House: Public Health Committee: DO PASS","yea":6,"nay":0,"nv":0,"absent":0,"total":6,"passed":1,"chamber":"H","chamber_id":79,"votes":[{"people_id":18989,"vote_id":1,"vote_text":"Yea"},{"people_id":19042,"vote_id":1,"vote_text":"Yea"},{"people_id":20612,"vote_id":1,"vote_text":"Yea"},{"people_id":20833,"vote_id":1,"vote_text":"Yea"},{"people_id":20879,"vote_id":1,"vote_text":"Yea"},{"people_id":25464,"vote_id":1,"vote_text":"Yea"}]}}