{"roll_call":{"roll_call_id":1482144,"bill_id":1896759,"date":"2025-02-05","desc":"House: Government Modernization and Technology Committee: DO PASS","yea":7,"nay":1,"nv":0,"absent":0,"total":8,"passed":1,"chamber":"H","chamber_id":79,"votes":[{"people_id":18988,"vote_id":1,"vote_text":"Yea"},{"people_id":20814,"vote_id":1,"vote_text":"Yea"},{"people_id":22855,"vote_id":1,"vote_text":"Yea"},{"people_id":23722,"vote_id":1,"vote_text":"Yea"},{"people_id":23729,"vote_id":1,"vote_text":"Yea"},{"people_id":25457,"vote_id":1,"vote_text":"Yea"},{"people_id":25458,"vote_id":1,"vote_text":"Yea"},{"people_id":25465,"vote_id":2,"vote_text":"Nay"}]}}