{"roll_call":{"roll_call_id":1482685,"bill_id":1902653,"date":"2025-02-05","desc":"House: Alcohol, Tobacco and Controlled Substances Committee: DO PASS AS AMENDED BY CS","yea":6,"nay":1,"nv":0,"absent":0,"total":7,"passed":1,"chamber":"H","chamber_id":79,"votes":[{"people_id":18987,"vote_id":2,"vote_text":"Nay"},{"people_id":19043,"vote_id":1,"vote_text":"Yea"},{"people_id":19492,"vote_id":1,"vote_text":"Yea"},{"people_id":20887,"vote_id":1,"vote_text":"Yea"},{"people_id":20889,"vote_id":1,"vote_text":"Yea"},{"people_id":22765,"vote_id":1,"vote_text":"Yea"},{"people_id":23732,"vote_id":1,"vote_text":"Yea"}]}}