{"roll_call":{"roll_call_id":1483004,"bill_id":1907312,"date":"2025-02-05","desc":"House: Common Education Committee: DO PASS","yea":11,"nay":0,"nv":0,"absent":0,"total":11,"passed":1,"chamber":"H","chamber_id":79,"votes":[{"people_id":17276,"vote_id":1,"vote_text":"Yea"},{"people_id":19492,"vote_id":1,"vote_text":"Yea"},{"people_id":20612,"vote_id":1,"vote_text":"Yea"},{"people_id":20691,"vote_id":1,"vote_text":"Yea"},{"people_id":22576,"vote_id":1,"vote_text":"Yea"},{"people_id":23724,"vote_id":1,"vote_text":"Yea"},{"people_id":23729,"vote_id":1,"vote_text":"Yea"},{"people_id":23730,"vote_id":1,"vote_text":"Yea"},{"people_id":25458,"vote_id":1,"vote_text":"Yea"},{"people_id":25460,"vote_id":1,"vote_text":"Yea"},{"people_id":25464,"vote_id":1,"vote_text":"Yea"}]}}