{"roll_call":{"roll_call_id":1483539,"bill_id":1907943,"date":"2025-02-06","desc":"House: Appropriations and Budget Finance Subcommittee: DO PASS AS AMENDED BY CS","yea":6,"nay":2,"nv":0,"absent":0,"total":8,"passed":1,"chamber":"H","chamber_id":79,"votes":[{"people_id":17462,"vote_id":2,"vote_text":"Nay"},{"people_id":20564,"vote_id":1,"vote_text":"Yea"},{"people_id":22506,"vote_id":2,"vote_text":"Nay"},{"people_id":23729,"vote_id":1,"vote_text":"Yea"},{"people_id":23733,"vote_id":1,"vote_text":"Yea"},{"people_id":23735,"vote_id":1,"vote_text":"Yea"},{"people_id":25456,"vote_id":1,"vote_text":"Yea"},{"people_id":25462,"vote_id":1,"vote_text":"Yea"}]}}