{"roll_call":{"roll_call_id":1483546,"bill_id":1899790,"date":"2025-02-06","desc":"House: Civil Judiciary Committee: DO PASS","yea":8,"nay":0,"nv":0,"absent":0,"total":8,"passed":1,"chamber":"H","chamber_id":79,"votes":[{"people_id":17176,"vote_id":1,"vote_text":"Yea"},{"people_id":18991,"vote_id":1,"vote_text":"Yea"},{"people_id":19007,"vote_id":1,"vote_text":"Yea"},{"people_id":20893,"vote_id":1,"vote_text":"Yea"},{"people_id":22577,"vote_id":1,"vote_text":"Yea"},{"people_id":22765,"vote_id":1,"vote_text":"Yea"},{"people_id":23731,"vote_id":1,"vote_text":"Yea"},{"people_id":23735,"vote_id":1,"vote_text":"Yea"}]}}