{"roll_call":{"roll_call_id":1484886,"bill_id":1900819,"date":"2025-02-10","desc":"House: Appropriations and Budget Select Agencies Subcommittee: DO PASS AS AMENDED BY CS","yea":5,"nay":0,"nv":0,"absent":0,"total":5,"passed":1,"chamber":"H","chamber_id":79,"votes":[{"people_id":3693,"vote_id":1,"vote_text":"Yea"},{"people_id":18986,"vote_id":1,"vote_text":"Yea"},{"people_id":20887,"vote_id":1,"vote_text":"Yea"},{"people_id":23736,"vote_id":1,"vote_text":"Yea"},{"people_id":25459,"vote_id":1,"vote_text":"Yea"}]}}