{"roll_call":{"roll_call_id":1484815,"bill_id":1907237,"date":"2025-02-10","desc":"House: Appropriations and Budget Education Subcommittee: DO PASS","yea":10,"nay":0,"nv":0,"absent":0,"total":10,"passed":1,"chamber":"H","chamber_id":79,"votes":[{"people_id":17276,"vote_id":1,"vote_text":"Yea"},{"people_id":19007,"vote_id":1,"vote_text":"Yea"},{"people_id":20691,"vote_id":1,"vote_text":"Yea"},{"people_id":20811,"vote_id":1,"vote_text":"Yea"},{"people_id":20835,"vote_id":1,"vote_text":"Yea"},{"people_id":22576,"vote_id":1,"vote_text":"Yea"},{"people_id":23724,"vote_id":1,"vote_text":"Yea"},{"people_id":23730,"vote_id":1,"vote_text":"Yea"},{"people_id":25463,"vote_id":1,"vote_text":"Yea"},{"people_id":25469,"vote_id":1,"vote_text":"Yea"}]}}