{"roll_call":{"roll_call_id":1484760,"bill_id":1916241,"date":"2025-02-10","desc":"House: Appropriations and Budget Human Services Subcommittee: DO PASS AS AMENDED BY CS","yea":5,"nay":0,"nv":0,"absent":0,"total":5,"passed":1,"chamber":"H","chamber_id":79,"votes":[{"people_id":20692,"vote_id":1,"vote_text":"Yea"},{"people_id":22548,"vote_id":1,"vote_text":"Yea"},{"people_id":22558,"vote_id":1,"vote_text":"Yea"},{"people_id":25457,"vote_id":1,"vote_text":"Yea"},{"people_id":25464,"vote_id":1,"vote_text":"Yea"}]}}