{"roll_call":{"roll_call_id":1484734,"bill_id":1917365,"date":"2025-02-10","desc":"House: Elections and Ethics Committee: DO PASS AS AMENDED BY CS","yea":5,"nay":1,"nv":0,"absent":0,"total":6,"passed":1,"chamber":"H","chamber_id":79,"votes":[{"people_id":19011,"vote_id":2,"vote_text":"Nay"},{"people_id":19924,"vote_id":1,"vote_text":"Yea"},{"people_id":20829,"vote_id":1,"vote_text":"Yea"},{"people_id":22558,"vote_id":1,"vote_text":"Yea"},{"people_id":23736,"vote_id":1,"vote_text":"Yea"},{"people_id":25460,"vote_id":1,"vote_text":"Yea"}]}}