{"roll_call":{"roll_call_id":1484764,"bill_id":1917331,"date":"2025-02-10","desc":"House: Appropriations and Budget Transportation Subcommittee: DO PASS AS AMENDED BY CS","yea":7,"nay":0,"nv":0,"absent":0,"total":7,"passed":1,"chamber":"H","chamber_id":79,"votes":[{"people_id":19492,"vote_id":1,"vote_text":"Yea"},{"people_id":20170,"vote_id":1,"vote_text":"Yea"},{"people_id":20829,"vote_id":1,"vote_text":"Yea"},{"people_id":23723,"vote_id":1,"vote_text":"Yea"},{"people_id":23725,"vote_id":1,"vote_text":"Yea"},{"people_id":23732,"vote_id":1,"vote_text":"Yea"},{"people_id":25454,"vote_id":1,"vote_text":"Yea"}]}}