{"roll_call":{"roll_call_id":1486166,"bill_id":1896994,"date":"2025-02-11","desc":"House: Postsecondary Education Committee: DO PASS","yea":8,"nay":0,"nv":0,"absent":0,"total":8,"passed":1,"chamber":"H","chamber_id":79,"votes":[{"people_id":20691,"vote_id":1,"vote_text":"Yea"},{"people_id":20758,"vote_id":1,"vote_text":"Yea"},{"people_id":20811,"vote_id":1,"vote_text":"Yea"},{"people_id":20878,"vote_id":1,"vote_text":"Yea"},{"people_id":22578,"vote_id":1,"vote_text":"Yea"},{"people_id":22633,"vote_id":1,"vote_text":"Yea"},{"people_id":22855,"vote_id":1,"vote_text":"Yea"},{"people_id":25463,"vote_id":1,"vote_text":"Yea"}]}}