{"roll_call":{"roll_call_id":1486404,"bill_id":1902744,"date":"2025-02-11","desc":"House: Banking, Financial Services and Pensions Committee: DO PASS","yea":2,"nay":6,"nv":0,"absent":0,"total":8,"passed":0,"chamber":"H","chamber_id":79,"votes":[{"people_id":17462,"vote_id":2,"vote_text":"Nay"},{"people_id":19006,"vote_id":2,"vote_text":"Nay"},{"people_id":19493,"vote_id":2,"vote_text":"Nay"},{"people_id":20890,"vote_id":2,"vote_text":"Nay"},{"people_id":23731,"vote_id":1,"vote_text":"Yea"},{"people_id":23732,"vote_id":2,"vote_text":"Nay"},{"people_id":23735,"vote_id":1,"vote_text":"Yea"},{"people_id":25456,"vote_id":2,"vote_text":"Nay"}]}}