{"roll_call":{"roll_call_id":1486406,"bill_id":1907368,"date":"2025-02-11","desc":"House: Insurance Committee: DO PASS AS AMENDED BY CS","yea":7,"nay":0,"nv":0,"absent":0,"total":7,"passed":1,"chamber":"H","chamber_id":79,"votes":[{"people_id":18986,"vote_id":1,"vote_text":"Yea"},{"people_id":18988,"vote_id":1,"vote_text":"Yea"},{"people_id":19243,"vote_id":1,"vote_text":"Yea"},{"people_id":20893,"vote_id":1,"vote_text":"Yea"},{"people_id":23730,"vote_id":1,"vote_text":"Yea"},{"people_id":23733,"vote_id":1,"vote_text":"Yea"},{"people_id":25453,"vote_id":1,"vote_text":"Yea"}]}}