{"roll_call":{"roll_call_id":1486105,"bill_id":1903038,"date":"2025-02-11","desc":"House: General Government Committee: DO PASS","yea":2,"nay":5,"nv":0,"absent":0,"total":7,"passed":0,"chamber":"H","chamber_id":79,"votes":[{"people_id":17840,"vote_id":2,"vote_text":"Nay"},{"people_id":20880,"vote_id":2,"vote_text":"Nay"},{"people_id":22549,"vote_id":2,"vote_text":"Nay"},{"people_id":25453,"vote_id":2,"vote_text":"Nay"},{"people_id":25459,"vote_id":1,"vote_text":"Yea"},{"people_id":25464,"vote_id":2,"vote_text":"Nay"},{"people_id":25469,"vote_id":1,"vote_text":"Yea"}]}}