{"roll_call":{"roll_call_id":1486174,"bill_id":1908539,"date":"2025-02-11","desc":"House: Agriculture Committee: DO PASS AS AMENDED BY CS","yea":8,"nay":0,"nv":0,"absent":0,"total":8,"passed":1,"chamber":"H","chamber_id":79,"votes":[{"people_id":18990,"vote_id":1,"vote_text":"Yea"},{"people_id":20564,"vote_id":1,"vote_text":"Yea"},{"people_id":20811,"vote_id":1,"vote_text":"Yea"},{"people_id":20832,"vote_id":1,"vote_text":"Yea"},{"people_id":20878,"vote_id":1,"vote_text":"Yea"},{"people_id":20879,"vote_id":1,"vote_text":"Yea"},{"people_id":20891,"vote_id":1,"vote_text":"Yea"},{"people_id":21326,"vote_id":1,"vote_text":"Yea"}]}}