{"roll_call":{"roll_call_id":1487049,"bill_id":1900259,"date":"2025-02-11","desc":"House: Administrative Rules Committee: DO PASS AS AMENDED BY CS","yea":11,"nay":0,"nv":0,"absent":0,"total":11,"passed":1,"chamber":"H","chamber_id":79,"votes":[{"people_id":18989,"vote_id":1,"vote_text":"Yea"},{"people_id":20835,"vote_id":1,"vote_text":"Yea"},{"people_id":20877,"vote_id":1,"vote_text":"Yea"},{"people_id":22506,"vote_id":1,"vote_text":"Yea"},{"people_id":23726,"vote_id":1,"vote_text":"Yea"},{"people_id":23729,"vote_id":1,"vote_text":"Yea"},{"people_id":23736,"vote_id":1,"vote_text":"Yea"},{"people_id":25455,"vote_id":1,"vote_text":"Yea"},{"people_id":25456,"vote_id":1,"vote_text":"Yea"},{"people_id":25460,"vote_id":1,"vote_text":"Yea"},{"people_id":25463,"vote_id":1,"vote_text":"Yea"}]}}