{"roll_call":{"roll_call_id":1487483,"bill_id":1916055,"date":"2025-02-12","desc":"House: County and Municipal Government Committee: DO PASS AS AMENDED BY CS","yea":2,"nay":4,"nv":0,"absent":0,"total":6,"passed":0,"chamber":"H","chamber_id":79,"votes":[{"people_id":18986,"vote_id":1,"vote_text":"Yea"},{"people_id":19617,"vote_id":2,"vote_text":"Nay"},{"people_id":22515,"vote_id":1,"vote_text":"Yea"},{"people_id":25454,"vote_id":2,"vote_text":"Nay"},{"people_id":25461,"vote_id":2,"vote_text":"Nay"},{"people_id":25467,"vote_id":2,"vote_text":"Nay"}]}}