{"roll_call":{"roll_call_id":1487579,"bill_id":1915671,"date":"2025-02-12","desc":"House: County and Municipal Government Committee: DO PASS AS AMENDED BY CS","yea":6,"nay":0,"nv":0,"absent":0,"total":6,"passed":1,"chamber":"H","chamber_id":79,"votes":[{"people_id":18986,"vote_id":1,"vote_text":"Yea"},{"people_id":19617,"vote_id":1,"vote_text":"Yea"},{"people_id":22515,"vote_id":1,"vote_text":"Yea"},{"people_id":25454,"vote_id":1,"vote_text":"Yea"},{"people_id":25461,"vote_id":1,"vote_text":"Yea"},{"people_id":25467,"vote_id":1,"vote_text":"Yea"}]}}