{"roll_call":{"roll_call_id":1488344,"bill_id":1904308,"date":"2025-02-12","desc":"House: Common Education Committee: DO PASS AS AMENDED BY CS","yea":9,"nay":2,"nv":0,"absent":0,"total":11,"passed":1,"chamber":"H","chamber_id":79,"votes":[{"people_id":17276,"vote_id":1,"vote_text":"Yea"},{"people_id":19492,"vote_id":2,"vote_text":"Nay"},{"people_id":20612,"vote_id":1,"vote_text":"Yea"},{"people_id":20691,"vote_id":1,"vote_text":"Yea"},{"people_id":22576,"vote_id":1,"vote_text":"Yea"},{"people_id":23724,"vote_id":1,"vote_text":"Yea"},{"people_id":23729,"vote_id":1,"vote_text":"Yea"},{"people_id":23730,"vote_id":1,"vote_text":"Yea"},{"people_id":25458,"vote_id":1,"vote_text":"Yea"},{"people_id":25460,"vote_id":1,"vote_text":"Yea"},{"people_id":25464,"vote_id":2,"vote_text":"Nay"}]}}