{"roll_call":{"roll_call_id":1490760,"bill_id":1900626,"date":"2025-02-17","desc":"House: Appropriations and Budget Natural Resources Subcommittee: DO PASS","yea":6,"nay":4,"nv":0,"absent":0,"total":10,"passed":1,"chamber":"H","chamber_id":79,"votes":[{"people_id":19042,"vote_id":1,"vote_text":"Yea"},{"people_id":20757,"vote_id":1,"vote_text":"Yea"},{"people_id":20758,"vote_id":1,"vote_text":"Yea"},{"people_id":20814,"vote_id":2,"vote_text":"Nay"},{"people_id":20877,"vote_id":1,"vote_text":"Yea"},{"people_id":20891,"vote_id":1,"vote_text":"Yea"},{"people_id":23722,"vote_id":1,"vote_text":"Yea"},{"people_id":25458,"vote_id":2,"vote_text":"Nay"},{"people_id":25465,"vote_id":2,"vote_text":"Nay"},{"people_id":25468,"vote_id":2,"vote_text":"Nay"}]}}