{"roll_call":{"roll_call_id":1491228,"bill_id":1893338,"date":"2025-02-17","desc":"House: Appropriations and Budget General Government Subcommittee: DO PASS","yea":5,"nay":0,"nv":0,"absent":0,"total":5,"passed":1,"chamber":"H","chamber_id":79,"votes":[{"people_id":18987,"vote_id":1,"vote_text":"Yea"},{"people_id":20880,"vote_id":1,"vote_text":"Yea"},{"people_id":20895,"vote_id":1,"vote_text":"Yea"},{"people_id":22549,"vote_id":1,"vote_text":"Yea"},{"people_id":22578,"vote_id":1,"vote_text":"Yea"}]}}