{"roll_call":{"roll_call_id":1493937,"bill_id":1907400,"date":"2025-02-19","desc":"House: Appropriations and Budget Education Subcommittee: DO PASS AS AMENDED BY CS","yea":9,"nay":0,"nv":0,"absent":0,"total":9,"passed":1,"chamber":"H","chamber_id":79,"votes":[{"people_id":17276,"vote_id":1,"vote_text":"Yea"},{"people_id":19028,"vote_id":1,"vote_text":"Yea"},{"people_id":20691,"vote_id":1,"vote_text":"Yea"},{"people_id":20811,"vote_id":1,"vote_text":"Yea"},{"people_id":20835,"vote_id":1,"vote_text":"Yea"},{"people_id":22576,"vote_id":1,"vote_text":"Yea"},{"people_id":23724,"vote_id":1,"vote_text":"Yea"},{"people_id":25463,"vote_id":1,"vote_text":"Yea"},{"people_id":25469,"vote_id":1,"vote_text":"Yea"}]}}