{"roll_call":{"roll_call_id":1493024,"bill_id":1917635,"date":"2025-02-19","desc":"House: Government Modernization and Technology Committee: DO PASS","yea":7,"nay":0,"nv":0,"absent":0,"total":7,"passed":1,"chamber":"H","chamber_id":79,"votes":[{"people_id":18988,"vote_id":1,"vote_text":"Yea"},{"people_id":20814,"vote_id":1,"vote_text":"Yea"},{"people_id":23729,"vote_id":1,"vote_text":"Yea"},{"people_id":25457,"vote_id":1,"vote_text":"Yea"},{"people_id":25458,"vote_id":1,"vote_text":"Yea"},{"people_id":25465,"vote_id":1,"vote_text":"Yea"},{"people_id":25466,"vote_id":1,"vote_text":"Yea"}]}}