{"roll_call":{"roll_call_id":1494797,"bill_id":1907870,"date":"2025-02-19","desc":"House: Banking, Financial Services and Pensions Committee: DO PASS AS AMENDED BY CS","yea":7,"nay":0,"nv":0,"absent":0,"total":7,"passed":1,"chamber":"H","chamber_id":79,"votes":[{"people_id":17462,"vote_id":1,"vote_text":"Yea"},{"people_id":19006,"vote_id":1,"vote_text":"Yea"},{"people_id":19493,"vote_id":1,"vote_text":"Yea"},{"people_id":23731,"vote_id":1,"vote_text":"Yea"},{"people_id":23732,"vote_id":1,"vote_text":"Yea"},{"people_id":23735,"vote_id":1,"vote_text":"Yea"},{"people_id":25456,"vote_id":1,"vote_text":"Yea"}]}}