{"roll_call":{"roll_call_id":1497649,"bill_id":1893341,"date":"2025-02-24","desc":"House: Public Health Committee: DO PASS","yea":5,"nay":1,"nv":0,"absent":0,"total":6,"passed":1,"chamber":"H","chamber_id":79,"votes":[{"people_id":18989,"vote_id":1,"vote_text":"Yea"},{"people_id":19042,"vote_id":1,"vote_text":"Yea"},{"people_id":20612,"vote_id":1,"vote_text":"Yea"},{"people_id":20833,"vote_id":1,"vote_text":"Yea"},{"people_id":20879,"vote_id":1,"vote_text":"Yea"},{"people_id":25464,"vote_id":2,"vote_text":"Nay"}]}}