{"roll_call":{"roll_call_id":1497889,"bill_id":1907277,"date":"2025-02-24","desc":"House: Business Committee: DO PASS","yea":8,"nay":0,"nv":0,"absent":0,"total":8,"passed":1,"chamber":"H","chamber_id":79,"votes":[{"people_id":19041,"vote_id":1,"vote_text":"Yea"},{"people_id":19617,"vote_id":1,"vote_text":"Yea"},{"people_id":20170,"vote_id":1,"vote_text":"Yea"},{"people_id":20877,"vote_id":1,"vote_text":"Yea"},{"people_id":23724,"vote_id":1,"vote_text":"Yea"},{"people_id":25456,"vote_id":1,"vote_text":"Yea"},{"people_id":25457,"vote_id":1,"vote_text":"Yea"},{"people_id":25462,"vote_id":1,"vote_text":"Yea"}]}}