{"roll_call":{"roll_call_id":1499514,"bill_id":1902886,"date":"2025-02-25","desc":"House: Judiciary and Public Safety Oversight Committee: DO PASS","yea":11,"nay":0,"nv":0,"absent":0,"total":11,"passed":1,"chamber":"H","chamber_id":79,"votes":[{"people_id":17176,"vote_id":1,"vote_text":"Yea"},{"people_id":19045,"vote_id":1,"vote_text":"Yea"},{"people_id":19492,"vote_id":1,"vote_text":"Yea"},{"people_id":19493,"vote_id":1,"vote_text":"Yea"},{"people_id":20741,"vote_id":1,"vote_text":"Yea"},{"people_id":20832,"vote_id":1,"vote_text":"Yea"},{"people_id":22765,"vote_id":1,"vote_text":"Yea"},{"people_id":23726,"vote_id":1,"vote_text":"Yea"},{"people_id":23728,"vote_id":1,"vote_text":"Yea"},{"people_id":23735,"vote_id":1,"vote_text":"Yea"},{"people_id":25169,"vote_id":1,"vote_text":"Yea"}]}}