{"roll_call":{"roll_call_id":1499751,"bill_id":1907388,"date":"2025-02-26","desc":"House: Energy and Natural Resources Oversight Committee: DO PASS","yea":11,"nay":1,"nv":0,"absent":0,"total":12,"passed":1,"chamber":"H","chamber_id":79,"votes":[{"people_id":3693,"vote_id":1,"vote_text":"Yea"},{"people_id":17282,"vote_id":1,"vote_text":"Yea"},{"people_id":19011,"vote_id":2,"vote_text":"Nay"},{"people_id":19617,"vote_id":1,"vote_text":"Yea"},{"people_id":20886,"vote_id":1,"vote_text":"Yea"},{"people_id":20887,"vote_id":1,"vote_text":"Yea"},{"people_id":20891,"vote_id":1,"vote_text":"Yea"},{"people_id":22548,"vote_id":1,"vote_text":"Yea"},{"people_id":23723,"vote_id":1,"vote_text":"Yea"},{"people_id":23727,"vote_id":1,"vote_text":"Yea"},{"people_id":23731,"vote_id":1,"vote_text":"Yea"},{"people_id":25455,"vote_id":1,"vote_text":"Yea"}]}}