{"roll_call":{"roll_call_id":1499050,"bill_id":1917033,"date":"2025-02-24","desc":"House: Business Committee: DO PASS AS AMENDED BY CS","yea":7,"nay":0,"nv":0,"absent":0,"total":7,"passed":1,"chamber":"H","chamber_id":79,"votes":[{"people_id":19028,"vote_id":1,"vote_text":"Yea"},{"people_id":19041,"vote_id":1,"vote_text":"Yea"},{"people_id":19617,"vote_id":1,"vote_text":"Yea"},{"people_id":20877,"vote_id":1,"vote_text":"Yea"},{"people_id":23724,"vote_id":1,"vote_text":"Yea"},{"people_id":25456,"vote_id":1,"vote_text":"Yea"},{"people_id":25462,"vote_id":1,"vote_text":"Yea"}]}}