{"roll_call":{"roll_call_id":1503381,"bill_id":1904363,"date":"2025-03-03","desc":"House: Health and Human Services Oversight Committee: DO PASS AS AMENDED BY CS","yea":12,"nay":0,"nv":0,"absent":0,"total":12,"passed":1,"chamber":"H","chamber_id":79,"votes":[{"people_id":17840,"vote_id":1,"vote_text":"Yea"},{"people_id":19042,"vote_id":1,"vote_text":"Yea"},{"people_id":20692,"vote_id":1,"vote_text":"Yea"},{"people_id":20833,"vote_id":1,"vote_text":"Yea"},{"people_id":20878,"vote_id":1,"vote_text":"Yea"},{"people_id":20889,"vote_id":1,"vote_text":"Yea"},{"people_id":22558,"vote_id":1,"vote_text":"Yea"},{"people_id":22577,"vote_id":1,"vote_text":"Yea"},{"people_id":22765,"vote_id":1,"vote_text":"Yea"},{"people_id":23725,"vote_id":1,"vote_text":"Yea"},{"people_id":23733,"vote_id":1,"vote_text":"Yea"},{"people_id":25459,"vote_id":1,"vote_text":"Yea"}]}}