{"roll_call":{"roll_call_id":1503680,"bill_id":1908539,"date":"2025-03-03","desc":"House: Energy and Natural Resources Oversight Committee: DO PASS AS AMENDED BY CS","yea":13,"nay":0,"nv":0,"absent":0,"total":13,"passed":1,"chamber":"H","chamber_id":79,"votes":[{"people_id":17282,"vote_id":1,"vote_text":"Yea"},{"people_id":18990,"vote_id":1,"vote_text":"Yea"},{"people_id":19011,"vote_id":1,"vote_text":"Yea"},{"people_id":19617,"vote_id":1,"vote_text":"Yea"},{"people_id":20757,"vote_id":1,"vote_text":"Yea"},{"people_id":20887,"vote_id":1,"vote_text":"Yea"},{"people_id":20891,"vote_id":1,"vote_text":"Yea"},{"people_id":21326,"vote_id":1,"vote_text":"Yea"},{"people_id":22548,"vote_id":1,"vote_text":"Yea"},{"people_id":23723,"vote_id":1,"vote_text":"Yea"},{"people_id":23727,"vote_id":1,"vote_text":"Yea"},{"people_id":23731,"vote_id":1,"vote_text":"Yea"},{"people_id":25455,"vote_id":1,"vote_text":"Yea"}]}}