{"roll_call":{"roll_call_id":1504242,"bill_id":1917635,"date":"2025-03-04","desc":"House: Commerce and Economic Development Oversight Committee: DO PASS","yea":14,"nay":0,"nv":0,"absent":0,"total":14,"passed":1,"chamber":"H","chamber_id":79,"votes":[{"people_id":18987,"vote_id":1,"vote_text":"Yea"},{"people_id":19041,"vote_id":1,"vote_text":"Yea"},{"people_id":20170,"vote_id":1,"vote_text":"Yea"},{"people_id":20564,"vote_id":1,"vote_text":"Yea"},{"people_id":20758,"vote_id":1,"vote_text":"Yea"},{"people_id":20893,"vote_id":1,"vote_text":"Yea"},{"people_id":23722,"vote_id":1,"vote_text":"Yea"},{"people_id":23724,"vote_id":1,"vote_text":"Yea"},{"people_id":23729,"vote_id":1,"vote_text":"Yea"},{"people_id":23730,"vote_id":1,"vote_text":"Yea"},{"people_id":23734,"vote_id":1,"vote_text":"Yea"},{"people_id":25458,"vote_id":1,"vote_text":"Yea"},{"people_id":25462,"vote_id":1,"vote_text":"Yea"},{"people_id":25468,"vote_id":1,"vote_text":"Yea"}]}}