{"roll_call":{"roll_call_id":1505173,"bill_id":1907870,"date":"2025-03-04","desc":"House: Government Oversight Committee: DO PASS AS AMENDED BY CS","yea":17,"nay":0,"nv":0,"absent":0,"total":17,"passed":1,"chamber":"H","chamber_id":79,"votes":[{"people_id":3693,"vote_id":1,"vote_text":"Yea"},{"people_id":17462,"vote_id":1,"vote_text":"Yea"},{"people_id":17840,"vote_id":1,"vote_text":"Yea"},{"people_id":18986,"vote_id":1,"vote_text":"Yea"},{"people_id":18989,"vote_id":1,"vote_text":"Yea"},{"people_id":19924,"vote_id":1,"vote_text":"Yea"},{"people_id":20829,"vote_id":1,"vote_text":"Yea"},{"people_id":20831,"vote_id":1,"vote_text":"Yea"},{"people_id":20880,"vote_id":1,"vote_text":"Yea"},{"people_id":20890,"vote_id":1,"vote_text":"Yea"},{"people_id":20895,"vote_id":1,"vote_text":"Yea"},{"people_id":22515,"vote_id":1,"vote_text":"Yea"},{"people_id":22549,"vote_id":1,"vote_text":"Yea"},{"people_id":23732,"vote_id":1,"vote_text":"Yea"},{"people_id":25461,"vote_id":1,"vote_text":"Yea"},{"people_id":25465,"vote_id":1,"vote_text":"Yea"},{"people_id":25469,"vote_id":1,"vote_text":"Yea"}]}}