{"roll_call":{"roll_call_id":1505963,"bill_id":1904308,"date":"2025-03-05","desc":"House: Education Oversight Committee: DO PASS AS AMENDED BY CS","yea":9,"nay":0,"nv":0,"absent":0,"total":9,"passed":1,"chamber":"H","chamber_id":79,"votes":[{"people_id":17276,"vote_id":1,"vote_text":"Yea"},{"people_id":18991,"vote_id":1,"vote_text":"Yea"},{"people_id":19006,"vote_id":1,"vote_text":"Yea"},{"people_id":20811,"vote_id":1,"vote_text":"Yea"},{"people_id":20835,"vote_id":1,"vote_text":"Yea"},{"people_id":20877,"vote_id":1,"vote_text":"Yea"},{"people_id":22576,"vote_id":1,"vote_text":"Yea"},{"people_id":22578,"vote_id":1,"vote_text":"Yea"},{"people_id":23728,"vote_id":1,"vote_text":"Yea"}]}}