{"roll_call":{"roll_call_id":1506707,"bill_id":1907237,"date":"2025-03-05","desc":"House: Appropriations and Budget Committee: DO PASS AS AMENDED BY CS","yea":33,"nay":0,"nv":0,"absent":0,"total":33,"passed":1,"chamber":"H","chamber_id":79,"votes":[{"people_id":3693,"vote_id":1,"vote_text":"Yea"},{"people_id":17276,"vote_id":1,"vote_text":"Yea"},{"people_id":17282,"vote_id":1,"vote_text":"Yea"},{"people_id":17840,"vote_id":1,"vote_text":"Yea"},{"people_id":18986,"vote_id":1,"vote_text":"Yea"},{"people_id":18988,"vote_id":1,"vote_text":"Yea"},{"people_id":18989,"vote_id":1,"vote_text":"Yea"},{"people_id":18991,"vote_id":1,"vote_text":"Yea"},{"people_id":19006,"vote_id":1,"vote_text":"Yea"},{"people_id":19007,"vote_id":1,"vote_text":"Yea"},{"people_id":19028,"vote_id":1,"vote_text":"Yea"},{"people_id":19041,"vote_id":1,"vote_text":"Yea"},{"people_id":19042,"vote_id":1,"vote_text":"Yea"},{"people_id":19043,"vote_id":1,"vote_text":"Yea"},{"people_id":19243,"vote_id":1,"vote_text":"Yea"},{"people_id":19493,"vote_id":1,"vote_text":"Yea"},{"people_id":19617,"vote_id":1,"vote_text":"Yea"},{"people_id":20170,"vote_id":1,"vote_text":"Yea"},{"people_id":20612,"vote_id":1,"vote_text":"Yea"},{"people_id":20692,"vote_id":1,"vote_text":"Yea"},{"people_id":20740,"vote_id":1,"vote_text":"Yea"},{"people_id":20741,"vote_id":1,"vote_text":"Yea"},{"people_id":20757,"vote_id":1,"vote_text":"Yea"},{"people_id":20831,"vote_id":1,"vote_text":"Yea"},{"people_id":20877,"vote_id":1,"vote_text":"Yea"},{"people_id":20878,"vote_id":1,"vote_text":"Yea"},{"people_id":20880,"vote_id":1,"vote_text":"Yea"},{"people_id":20886,"vote_id":1,"vote_text":"Yea"},{"people_id":22506,"vote_id":1,"vote_text":"Yea"},{"people_id":22577,"vote_id":1,"vote_text":"Yea"},{"people_id":22633,"vote_id":1,"vote_text":"Yea"},{"people_id":22855,"vote_id":1,"vote_text":"Yea"},{"people_id":23728,"vote_id":1,"vote_text":"Yea"}]}}