{"roll_call":{"roll_call_id":1507641,"bill_id":1916055,"date":"2025-03-06","desc":"House: Government Oversight Committee: DO PASS AS AMENDED BY CS","yea":6,"nay":9,"nv":0,"absent":0,"total":15,"passed":0,"chamber":"H","chamber_id":79,"votes":[{"people_id":17462,"vote_id":2,"vote_text":"Nay"},{"people_id":17840,"vote_id":1,"vote_text":"Yea"},{"people_id":18986,"vote_id":1,"vote_text":"Yea"},{"people_id":18989,"vote_id":2,"vote_text":"Nay"},{"people_id":19924,"vote_id":2,"vote_text":"Nay"},{"people_id":20829,"vote_id":2,"vote_text":"Nay"},{"people_id":20831,"vote_id":1,"vote_text":"Yea"},{"people_id":20880,"vote_id":1,"vote_text":"Yea"},{"people_id":20895,"vote_id":2,"vote_text":"Nay"},{"people_id":22515,"vote_id":1,"vote_text":"Yea"},{"people_id":22549,"vote_id":2,"vote_text":"Nay"},{"people_id":23732,"vote_id":2,"vote_text":"Nay"},{"people_id":25461,"vote_id":1,"vote_text":"Yea"},{"people_id":25465,"vote_id":2,"vote_text":"Nay"},{"people_id":25469,"vote_id":2,"vote_text":"Nay"}]}}