{"roll_call":{"roll_call_id":1507301,"bill_id":1907521,"date":"2025-03-06","desc":"House: Judiciary and Public Safety Oversight Committee: DO PASS AS AMENDED BY CS","yea":11,"nay":0,"nv":0,"absent":0,"total":11,"passed":1,"chamber":"H","chamber_id":79,"votes":[{"people_id":18911,"vote_id":1,"vote_text":"Yea"},{"people_id":19013,"vote_id":1,"vote_text":"Yea"},{"people_id":19045,"vote_id":1,"vote_text":"Yea"},{"people_id":19492,"vote_id":1,"vote_text":"Yea"},{"people_id":19493,"vote_id":1,"vote_text":"Yea"},{"people_id":20741,"vote_id":1,"vote_text":"Yea"},{"people_id":20832,"vote_id":1,"vote_text":"Yea"},{"people_id":22765,"vote_id":1,"vote_text":"Yea"},{"people_id":23726,"vote_id":1,"vote_text":"Yea"},{"people_id":23728,"vote_id":1,"vote_text":"Yea"},{"people_id":25169,"vote_id":1,"vote_text":"Yea"}]}}