{"roll_call":{"roll_call_id":1515001,"bill_id":1907690,"date":"2025-03-11","desc":"House: THIRD READING","yea":78,"nay":17,"nv":0,"absent":4,"total":99,"passed":1,"chamber":"H","chamber_id":79,"votes":[{"people_id":3693,"vote_id":1,"vote_text":"Yea"},{"people_id":17176,"vote_id":1,"vote_text":"Yea"},{"people_id":17276,"vote_id":1,"vote_text":"Yea"},{"people_id":17282,"vote_id":1,"vote_text":"Yea"},{"people_id":17462,"vote_id":1,"vote_text":"Yea"},{"people_id":17840,"vote_id":2,"vote_text":"Nay"},{"people_id":18911,"vote_id":1,"vote_text":"Yea"},{"people_id":18986,"vote_id":2,"vote_text":"Nay"},{"people_id":18987,"vote_id":1,"vote_text":"Yea"},{"people_id":18988,"vote_id":1,"vote_text":"Yea"},{"people_id":18989,"vote_id":1,"vote_text":"Yea"},{"people_id":18990,"vote_id":1,"vote_text":"Yea"},{"people_id":18991,"vote_id":1,"vote_text":"Yea"},{"people_id":19006,"vote_id":1,"vote_text":"Yea"},{"people_id":19007,"vote_id":1,"vote_text":"Yea"},{"people_id":19011,"vote_id":4,"vote_text":"Absent"},{"people_id":19013,"vote_id":1,"vote_text":"Yea"},{"people_id":19028,"vote_id":1,"vote_text":"Yea"},{"people_id":19041,"vote_id":2,"vote_text":"Nay"},{"people_id":19042,"vote_id":1,"vote_text":"Yea"},{"people_id":19043,"vote_id":4,"vote_text":"Absent"},{"people_id":19045,"vote_id":4,"vote_text":"Absent"},{"people_id":19243,"vote_id":1,"vote_text":"Yea"},{"people_id":19492,"vote_id":2,"vote_text":"Nay"},{"people_id":19493,"vote_id":1,"vote_text":"Yea"},{"people_id":19617,"vote_id":1,"vote_text":"Yea"},{"people_id":19924,"vote_id":1,"vote_text":"Yea"},{"people_id":20170,"vote_id":1,"vote_text":"Yea"},{"people_id":20564,"vote_id":1,"vote_text":"Yea"},{"people_id":20612,"vote_id":1,"vote_text":"Yea"},{"people_id":20691,"vote_id":1,"vote_text":"Yea"},{"people_id":20692,"vote_id":1,"vote_text":"Yea"},{"people_id":20740,"vote_id":1,"vote_text":"Yea"},{"people_id":20741,"vote_id":1,"vote_text":"Yea"},{"people_id":20757,"vote_id":1,"vote_text":"Yea"},{"people_id":20758,"vote_id":1,"vote_text":"Yea"},{"people_id":20811,"vote_id":1,"vote_text":"Yea"},{"people_id":20814,"vote_id":1,"vote_text":"Yea"},{"people_id":20829,"vote_id":1,"vote_text":"Yea"},{"people_id":20831,"vote_id":2,"vote_text":"Nay"},{"people_id":20832,"vote_id":1,"vote_text":"Yea"},{"people_id":20833,"vote_id":1,"vote_text":"Yea"},{"people_id":20835,"vote_id":2,"vote_text":"Nay"},{"people_id":20877,"vote_id":2,"vote_text":"Nay"},{"people_id":20878,"vote_id":2,"vote_text":"Nay"},{"people_id":20879,"vote_id":1,"vote_text":"Yea"},{"people_id":20880,"vote_id":1,"vote_text":"Yea"},{"people_id":20886,"vote_id":1,"vote_text":"Yea"},{"people_id":20887,"vote_id":1,"vote_text":"Yea"},{"people_id":20889,"vote_id":1,"vote_text":"Yea"},{"people_id":20890,"vote_id":1,"vote_text":"Yea"},{"people_id":20891,"vote_id":1,"vote_text":"Yea"},{"people_id":20893,"vote_id":1,"vote_text":"Yea"},{"people_id":20895,"vote_id":4,"vote_text":"Absent"},{"people_id":21326,"vote_id":2,"vote_text":"Nay"},{"people_id":22506,"vote_id":1,"vote_text":"Yea"},{"people_id":22515,"vote_id":1,"vote_text":"Yea"},{"people_id":22548,"vote_id":1,"vote_text":"Yea"},{"people_id":22549,"vote_id":1,"vote_text":"Yea"},{"people_id":22558,"vote_id":1,"vote_text":"Yea"},{"people_id":22576,"vote_id":1,"vote_text":"Yea"},{"people_id":22577,"vote_id":1,"vote_text":"Yea"},{"people_id":22578,"vote_id":1,"vote_text":"Yea"},{"people_id":22633,"vote_id":1,"vote_text":"Yea"},{"people_id":22765,"vote_id":1,"vote_text":"Yea"},{"people_id":22855,"vote_id":1,"vote_text":"Yea"},{"people_id":23722,"vote_id":2,"vote_text":"Nay"},{"people_id":23723,"vote_id":1,"vote_text":"Yea"},{"people_id":23724,"vote_id":1,"vote_text":"Yea"},{"people_id":23725,"vote_id":1,"vote_text":"Yea"},{"people_id":23726,"vote_id":1,"vote_text":"Yea"},{"people_id":23727,"vote_id":1,"vote_text":"Yea"},{"people_id":23728,"vote_id":1,"vote_text":"Yea"},{"people_id":23729,"vote_id":1,"vote_text":"Yea"},{"people_id":23730,"vote_id":1,"vote_text":"Yea"},{"people_id":23731,"vote_id":2,"vote_text":"Nay"},{"people_id":23732,"vote_id":1,"vote_text":"Yea"},{"people_id":23733,"vote_id":2,"vote_text":"Nay"},{"people_id":23734,"vote_id":2,"vote_text":"Nay"},{"people_id":23735,"vote_id":1,"vote_text":"Yea"},{"people_id":23736,"vote_id":1,"vote_text":"Yea"},{"people_id":25169,"vote_id":1,"vote_text":"Yea"},{"people_id":25453,"vote_id":1,"vote_text":"Yea"},{"people_id":25454,"vote_id":1,"vote_text":"Yea"},{"people_id":25455,"vote_id":1,"vote_text":"Yea"},{"people_id":25456,"vote_id":2,"vote_text":"Nay"},{"people_id":25457,"vote_id":1,"vote_text":"Yea"},{"people_id":25458,"vote_id":1,"vote_text":"Yea"},{"people_id":25459,"vote_id":1,"vote_text":"Yea"},{"people_id":25460,"vote_id":1,"vote_text":"Yea"},{"people_id":25461,"vote_id":1,"vote_text":"Yea"},{"people_id":25462,"vote_id":1,"vote_text":"Yea"},{"people_id":25463,"vote_id":2,"vote_text":"Nay"},{"people_id":25464,"vote_id":2,"vote_text":"Nay"},{"people_id":25465,"vote_id":1,"vote_text":"Yea"},{"people_id":25466,"vote_id":2,"vote_text":"Nay"},{"people_id":25467,"vote_id":1,"vote_text":"Yea"},{"people_id":25468,"vote_id":1,"vote_text":"Yea"},{"people_id":25469,"vote_id":1,"vote_text":"Yea"}]}}