{"roll_call":{"roll_call_id":1537091,"bill_id":1900219,"date":"2025-04-03","desc":"Senate: Administrative Rules Committee: DO PASS","yea":6,"nay":0,"nv":0,"absent":0,"total":6,"passed":1,"chamber":"S","chamber_id":80,"votes":[{"people_id":18901,"vote_id":1,"vote_text":"Yea"},{"people_id":22854,"vote_id":1,"vote_text":"Yea"},{"people_id":23531,"vote_id":1,"vote_text":"Yea"},{"people_id":25063,"vote_id":1,"vote_text":"Yea"},{"people_id":25477,"vote_id":1,"vote_text":"Yea"},{"people_id":25479,"vote_id":1,"vote_text":"Yea"}]}}