{"roll_call":{"roll_call_id":1539307,"bill_id":1897600,"date":"2025-04-08","desc":"Senate: Public Safety Committee: DO PASS","yea":6,"nay":1,"nv":0,"absent":0,"total":7,"passed":1,"chamber":"S","chamber_id":80,"votes":[{"people_id":17281,"vote_id":1,"vote_text":"Yea"},{"people_id":17318,"vote_id":1,"vote_text":"Yea"},{"people_id":19636,"vote_id":2,"vote_text":"Nay"},{"people_id":19964,"vote_id":1,"vote_text":"Yea"},{"people_id":21885,"vote_id":1,"vote_text":"Yea"},{"people_id":25474,"vote_id":1,"vote_text":"Yea"},{"people_id":25481,"vote_id":1,"vote_text":"Yea"}]}}