{"roll_call":{"roll_call_id":1539676,"bill_id":1892290,"date":"2025-04-08","desc":"Senate: Judiciary Committee: DO PASS","yea":7,"nay":1,"nv":0,"absent":0,"total":8,"passed":1,"chamber":"S","chamber_id":80,"votes":[{"people_id":3681,"vote_id":1,"vote_text":"Yea"},{"people_id":17318,"vote_id":1,"vote_text":"Yea"},{"people_id":18902,"vote_id":1,"vote_text":"Yea"},{"people_id":19636,"vote_id":2,"vote_text":"Nay"},{"people_id":19961,"vote_id":1,"vote_text":"Yea"},{"people_id":20038,"vote_id":1,"vote_text":"Yea"},{"people_id":23559,"vote_id":1,"vote_text":"Yea"},{"people_id":25480,"vote_id":1,"vote_text":"Yea"}]}}