{"roll_call":{"roll_call_id":1539708,"bill_id":1899790,"date":"2025-04-08","desc":"Senate: Retirement & Government Resources Committee: DO PASS","yea":6,"nay":0,"nv":0,"absent":0,"total":6,"passed":1,"chamber":"S","chamber_id":80,"votes":[{"people_id":18901,"vote_id":1,"vote_text":"Yea"},{"people_id":19705,"vote_id":1,"vote_text":"Yea"},{"people_id":20038,"vote_id":1,"vote_text":"Yea"},{"people_id":22854,"vote_id":1,"vote_text":"Yea"},{"people_id":24707,"vote_id":1,"vote_text":"Yea"},{"people_id":25476,"vote_id":1,"vote_text":"Yea"}]}}