{"roll_call":{"roll_call_id":1540611,"bill_id":1907943,"date":"2025-04-08","desc":"Senate: Economic Development, Workforce & Tourism Committee: DO PASS AMENDED","yea":8,"nay":1,"nv":0,"absent":0,"total":9,"passed":1,"chamber":"S","chamber_id":80,"votes":[{"people_id":17823,"vote_id":1,"vote_text":"Yea"},{"people_id":18903,"vote_id":1,"vote_text":"Yea"},{"people_id":19965,"vote_id":1,"vote_text":"Yea"},{"people_id":20007,"vote_id":1,"vote_text":"Yea"},{"people_id":23557,"vote_id":1,"vote_text":"Yea"},{"people_id":24706,"vote_id":1,"vote_text":"Yea"},{"people_id":24708,"vote_id":1,"vote_text":"Yea"},{"people_id":25470,"vote_id":1,"vote_text":"Yea"},{"people_id":25472,"vote_id":2,"vote_text":"Nay"}]}}