{"roll_call":{"roll_call_id":1540304,"bill_id":1901590,"date":"2025-04-08","desc":"Senate: Judiciary Committee: DO PASS","yea":6,"nay":0,"nv":0,"absent":0,"total":6,"passed":1,"chamber":"S","chamber_id":80,"votes":[{"people_id":17318,"vote_id":1,"vote_text":"Yea"},{"people_id":19437,"vote_id":1,"vote_text":"Yea"},{"people_id":19636,"vote_id":1,"vote_text":"Yea"},{"people_id":19961,"vote_id":1,"vote_text":"Yea"},{"people_id":20038,"vote_id":1,"vote_text":"Yea"},{"people_id":25480,"vote_id":1,"vote_text":"Yea"}]}}