{"roll_call":{"roll_call_id":1544295,"bill_id":1900279,"date":"2025-04-10","desc":"Senate: Energy Committee: DO PASS","yea":8,"nay":1,"nv":0,"absent":0,"total":9,"passed":1,"chamber":"S","chamber_id":80,"votes":[{"people_id":3681,"vote_id":2,"vote_text":"Nay"},{"people_id":17281,"vote_id":1,"vote_text":"Yea"},{"people_id":18909,"vote_id":1,"vote_text":"Yea"},{"people_id":20038,"vote_id":1,"vote_text":"Yea"},{"people_id":23557,"vote_id":1,"vote_text":"Yea"},{"people_id":24706,"vote_id":1,"vote_text":"Yea"},{"people_id":24708,"vote_id":1,"vote_text":"Yea"},{"people_id":25474,"vote_id":1,"vote_text":"Yea"},{"people_id":25476,"vote_id":1,"vote_text":"Yea"}]}}