{"roll_call":{"roll_call_id":1547239,"bill_id":1915816,"date":"2025-04-14","desc":"Senate: Aeronautics & Transportation Committee: DO PASS","yea":8,"nay":0,"nv":0,"absent":0,"total":8,"passed":1,"chamber":"S","chamber_id":80,"votes":[{"people_id":17318,"vote_id":1,"vote_text":"Yea"},{"people_id":18903,"vote_id":1,"vote_text":"Yea"},{"people_id":18908,"vote_id":1,"vote_text":"Yea"},{"people_id":21886,"vote_id":1,"vote_text":"Yea"},{"people_id":23878,"vote_id":1,"vote_text":"Yea"},{"people_id":24707,"vote_id":1,"vote_text":"Yea"},{"people_id":25472,"vote_id":1,"vote_text":"Yea"},{"people_id":25473,"vote_id":1,"vote_text":"Yea"}]}}