{"roll_call":{"roll_call_id":1547300,"bill_id":1904363,"date":"2025-04-14","desc":"Senate: Health & Human Services Committee: DO PASS","yea":9,"nay":3,"nv":0,"absent":0,"total":12,"passed":1,"chamber":"S","chamber_id":80,"votes":[{"people_id":18908,"vote_id":1,"vote_text":"Yea"},{"people_id":19437,"vote_id":1,"vote_text":"Yea"},{"people_id":20007,"vote_id":1,"vote_text":"Yea"},{"people_id":20812,"vote_id":1,"vote_text":"Yea"},{"people_id":20813,"vote_id":2,"vote_text":"Nay"},{"people_id":20894,"vote_id":1,"vote_text":"Yea"},{"people_id":21886,"vote_id":1,"vote_text":"Yea"},{"people_id":23557,"vote_id":2,"vote_text":"Nay"},{"people_id":25476,"vote_id":1,"vote_text":"Yea"},{"people_id":25477,"vote_id":1,"vote_text":"Yea"},{"people_id":25478,"vote_id":1,"vote_text":"Yea"},{"people_id":25480,"vote_id":2,"vote_text":"Nay"}]}}