{"roll_call":{"roll_call_id":1547031,"bill_id":1897582,"date":"2025-04-14","desc":"Senate: Aeronautics & Transportation Committee: DO PASS","yea":10,"nay":1,"nv":0,"absent":0,"total":11,"passed":1,"chamber":"S","chamber_id":80,"votes":[{"people_id":17318,"vote_id":1,"vote_text":"Yea"},{"people_id":17823,"vote_id":2,"vote_text":"Nay"},{"people_id":18903,"vote_id":1,"vote_text":"Yea"},{"people_id":18908,"vote_id":1,"vote_text":"Yea"},{"people_id":19964,"vote_id":1,"vote_text":"Yea"},{"people_id":21886,"vote_id":1,"vote_text":"Yea"},{"people_id":23878,"vote_id":1,"vote_text":"Yea"},{"people_id":24164,"vote_id":1,"vote_text":"Yea"},{"people_id":24707,"vote_id":1,"vote_text":"Yea"},{"people_id":25472,"vote_id":1,"vote_text":"Yea"},{"people_id":25473,"vote_id":1,"vote_text":"Yea"}]}}