{"roll_call":{"roll_call_id":1548565,"bill_id":1893338,"date":"2025-04-15","desc":"Senate: Judiciary Committee: DO PASS AMENDED","yea":5,"nay":2,"nv":0,"absent":0,"total":7,"passed":1,"chamber":"S","chamber_id":80,"votes":[{"people_id":17318,"vote_id":1,"vote_text":"Yea"},{"people_id":19437,"vote_id":1,"vote_text":"Yea"},{"people_id":19636,"vote_id":2,"vote_text":"Nay"},{"people_id":19961,"vote_id":1,"vote_text":"Yea"},{"people_id":20038,"vote_id":2,"vote_text":"Nay"},{"people_id":23559,"vote_id":1,"vote_text":"Yea"},{"people_id":25480,"vote_id":1,"vote_text":"Yea"}]}}