{"roll_call":{"roll_call_id":1554404,"bill_id":1893342,"date":"2025-04-22","desc":"Senate: Judiciary Committee: DO PASS AMENDED CS","yea":8,"nay":0,"nv":0,"absent":0,"total":8,"passed":1,"chamber":"S","chamber_id":80,"votes":[{"people_id":3681,"vote_id":1,"vote_text":"Yea"},{"people_id":17318,"vote_id":1,"vote_text":"Yea"},{"people_id":19437,"vote_id":1,"vote_text":"Yea"},{"people_id":19636,"vote_id":1,"vote_text":"Yea"},{"people_id":19961,"vote_id":1,"vote_text":"Yea"},{"people_id":20038,"vote_id":1,"vote_text":"Yea"},{"people_id":23559,"vote_id":1,"vote_text":"Yea"},{"people_id":25480,"vote_id":1,"vote_text":"Yea"}]}}