{"roll_call":{"roll_call_id":1554858,"bill_id":1901348,"date":"2025-04-22","desc":"Senate: Local & County Government Committee: DO PASS","yea":8,"nay":0,"nv":0,"absent":0,"total":8,"passed":1,"chamber":"S","chamber_id":80,"votes":[{"people_id":17823,"vote_id":1,"vote_text":"Yea"},{"people_id":21885,"vote_id":1,"vote_text":"Yea"},{"people_id":22854,"vote_id":1,"vote_text":"Yea"},{"people_id":23531,"vote_id":1,"vote_text":"Yea"},{"people_id":24164,"vote_id":1,"vote_text":"Yea"},{"people_id":24707,"vote_id":1,"vote_text":"Yea"},{"people_id":25477,"vote_id":1,"vote_text":"Yea"},{"people_id":25479,"vote_id":1,"vote_text":"Yea"}]}}