{"roll_call":{"roll_call_id":1554075,"bill_id":1907312,"date":"2025-04-22","desc":"Senate: Education Committee: DO PASS","yea":8,"nay":2,"nv":0,"absent":0,"total":10,"passed":1,"chamber":"S","chamber_id":80,"votes":[{"people_id":18908,"vote_id":2,"vote_text":"Nay"},{"people_id":18909,"vote_id":1,"vote_text":"Yea"},{"people_id":18948,"vote_id":1,"vote_text":"Yea"},{"people_id":20813,"vote_id":2,"vote_text":"Nay"},{"people_id":21886,"vote_id":1,"vote_text":"Yea"},{"people_id":23878,"vote_id":1,"vote_text":"Yea"},{"people_id":25473,"vote_id":1,"vote_text":"Yea"},{"people_id":25475,"vote_id":1,"vote_text":"Yea"},{"people_id":25478,"vote_id":1,"vote_text":"Yea"},{"people_id":25479,"vote_id":1,"vote_text":"Yea"}]}}