{"roll_call":{"roll_call_id":1556917,"bill_id":1907368,"date":"2025-04-24","desc":"Senate: Business & Insurance Committee: DO PASS AMENDED","yea":8,"nay":1,"nv":0,"absent":0,"total":9,"passed":1,"chamber":"S","chamber_id":80,"votes":[{"people_id":18908,"vote_id":1,"vote_text":"Yea"},{"people_id":19636,"vote_id":2,"vote_text":"Nay"},{"people_id":19964,"vote_id":1,"vote_text":"Yea"},{"people_id":20007,"vote_id":1,"vote_text":"Yea"},{"people_id":24164,"vote_id":1,"vote_text":"Yea"},{"people_id":25472,"vote_id":1,"vote_text":"Yea"},{"people_id":25475,"vote_id":1,"vote_text":"Yea"},{"people_id":25478,"vote_id":1,"vote_text":"Yea"},{"people_id":25480,"vote_id":1,"vote_text":"Yea"}]}}