{"roll_call":{"roll_call_id":1568399,"bill_id":1904308,"date":"2025-05-08","desc":"Senate: THIRD READING","yea":44,"nay":0,"nv":0,"absent":3,"total":47,"passed":1,"chamber":"S","chamber_id":80,"votes":[{"people_id":3681,"vote_id":1,"vote_text":"Yea"},{"people_id":17281,"vote_id":1,"vote_text":"Yea"},{"people_id":17318,"vote_id":1,"vote_text":"Yea"},{"people_id":17823,"vote_id":4,"vote_text":"Absent"},{"people_id":18901,"vote_id":4,"vote_text":"Absent"},{"people_id":18902,"vote_id":1,"vote_text":"Yea"},{"people_id":18903,"vote_id":1,"vote_text":"Yea"},{"people_id":18908,"vote_id":1,"vote_text":"Yea"},{"people_id":18909,"vote_id":1,"vote_text":"Yea"},{"people_id":18948,"vote_id":1,"vote_text":"Yea"},{"people_id":19014,"vote_id":1,"vote_text":"Yea"},{"people_id":19437,"vote_id":1,"vote_text":"Yea"},{"people_id":19636,"vote_id":1,"vote_text":"Yea"},{"people_id":19705,"vote_id":1,"vote_text":"Yea"},{"people_id":19961,"vote_id":1,"vote_text":"Yea"},{"people_id":19964,"vote_id":1,"vote_text":"Yea"},{"people_id":19965,"vote_id":1,"vote_text":"Yea"},{"people_id":20007,"vote_id":1,"vote_text":"Yea"},{"people_id":20038,"vote_id":4,"vote_text":"Absent"},{"people_id":20812,"vote_id":1,"vote_text":"Yea"},{"people_id":20813,"vote_id":1,"vote_text":"Yea"},{"people_id":20894,"vote_id":1,"vote_text":"Yea"},{"people_id":21238,"vote_id":1,"vote_text":"Yea"},{"people_id":21885,"vote_id":1,"vote_text":"Yea"},{"people_id":21886,"vote_id":1,"vote_text":"Yea"},{"people_id":22854,"vote_id":1,"vote_text":"Yea"},{"people_id":23531,"vote_id":1,"vote_text":"Yea"},{"people_id":23557,"vote_id":1,"vote_text":"Yea"},{"people_id":23559,"vote_id":1,"vote_text":"Yea"},{"people_id":23878,"vote_id":1,"vote_text":"Yea"},{"people_id":24164,"vote_id":1,"vote_text":"Yea"},{"people_id":24706,"vote_id":1,"vote_text":"Yea"},{"people_id":24707,"vote_id":1,"vote_text":"Yea"},{"people_id":24708,"vote_id":1,"vote_text":"Yea"},{"people_id":25063,"vote_id":1,"vote_text":"Yea"},{"people_id":25470,"vote_id":1,"vote_text":"Yea"},{"people_id":25471,"vote_id":1,"vote_text":"Yea"},{"people_id":25472,"vote_id":1,"vote_text":"Yea"},{"people_id":25473,"vote_id":1,"vote_text":"Yea"},{"people_id":25474,"vote_id":1,"vote_text":"Yea"},{"people_id":25475,"vote_id":1,"vote_text":"Yea"},{"people_id":25476,"vote_id":1,"vote_text":"Yea"},{"people_id":25477,"vote_id":1,"vote_text":"Yea"},{"people_id":25478,"vote_id":1,"vote_text":"Yea"},{"people_id":25479,"vote_id":1,"vote_text":"Yea"},{"people_id":25480,"vote_id":1,"vote_text":"Yea"},{"people_id":25481,"vote_id":1,"vote_text":"Yea"}]}}