{"roll_call":{"roll_call_id":1596081,"bill_id":1907237,"date":"2025-04-23","desc":"Senate: Appropriations Committee: DO PASS","yea":24,"nay":0,"nv":0,"absent":0,"total":24,"passed":1,"chamber":"S","chamber_id":80,"votes":[{"people_id":17281,"vote_id":1,"vote_text":"Yea"},{"people_id":17318,"vote_id":1,"vote_text":"Yea"},{"people_id":17823,"vote_id":1,"vote_text":"Yea"},{"people_id":18908,"vote_id":1,"vote_text":"Yea"},{"people_id":18909,"vote_id":1,"vote_text":"Yea"},{"people_id":18948,"vote_id":1,"vote_text":"Yea"},{"people_id":19437,"vote_id":1,"vote_text":"Yea"},{"people_id":19636,"vote_id":1,"vote_text":"Yea"},{"people_id":19961,"vote_id":1,"vote_text":"Yea"},{"people_id":19964,"vote_id":1,"vote_text":"Yea"},{"people_id":19965,"vote_id":1,"vote_text":"Yea"},{"people_id":20812,"vote_id":1,"vote_text":"Yea"},{"people_id":20813,"vote_id":1,"vote_text":"Yea"},{"people_id":20894,"vote_id":1,"vote_text":"Yea"},{"people_id":21238,"vote_id":1,"vote_text":"Yea"},{"people_id":21886,"vote_id":1,"vote_text":"Yea"},{"people_id":23531,"vote_id":1,"vote_text":"Yea"},{"people_id":23557,"vote_id":1,"vote_text":"Yea"},{"people_id":23559,"vote_id":1,"vote_text":"Yea"},{"people_id":23878,"vote_id":1,"vote_text":"Yea"},{"people_id":24706,"vote_id":1,"vote_text":"Yea"},{"people_id":24707,"vote_id":1,"vote_text":"Yea"},{"people_id":24708,"vote_id":1,"vote_text":"Yea"},{"people_id":25478,"vote_id":1,"vote_text":"Yea"}]}}