<metadata xml:lang="en"><Esri><CreaDate>20211028</CreaDate><CreaTime>10413800</CreaTime><ArcGISFormat>1.0</ArcGISFormat><SyncOnce>FALSE</SyncOnce><DataProperties><lineage><Process ToolSource="c:\program files\arcgis\pro\Resources\ArcToolbox\toolboxes\Conversion Tools.tbx\FeatureClassToFeatureClass" Date="20211028" Time="104138" Name="" export="">FeatureClassToFeatureClass HD_20211026_ "Q:\HRO 2021\_Working Maps and Data\Tricia\Draft Plans\Proposed.gdb" HD_20211026_carto # "AREA "AREA" true true false 8 Double 0 0,First,#,HD_20211026_,HD_20211026_.AREA,-1,-1;DISTRICT "DISTRICT" true true false 2 Short 0 0,First,#,HD_20211026_,HD_20211026_.DISTRICT,-1,-1;POPULATION "POPULATION" true true false 8 Double 0 0,First,#,HD_20211026_,HD_20211026_.POPULATION,-1,-1;NH_WHT "NH_WHT" true true false 8 Double 0 0,First,#,HD_20211026_,HD_20211026_.NH_WHT,-1,-1;AP_BLK "AP_BLK" true true false 8 Double 0 0,First,#,HD_20211026_,HD_20211026_.AP_BLK,-1,-1;AP_IND "AP_IND" true true false 8 Double 0 0,First,#,HD_20211026_,HD_20211026_.AP_IND,-1,-1;AP_ASN "AP_ASN" true true false 8 Double 0 0,First,#,HD_20211026_,HD_20211026_.AP_ASN,-1,-1;AP_HWN "AP_HWN" true true false 8 Double 0 0,First,#,HD_20211026_,HD_20211026_.AP_HWN,-1,-1;AP_OTH "AP_OTH" true true false 8 Double 0 0,First,#,HD_20211026_,HD_20211026_.AP_OTH,-1,-1;HISPANIC_O "HISPANIC_O" true true false 8 Double 0 0,First,#,HD_20211026_,HD_20211026_.HISPANIC_O,-1,-1;F18_POP "F18_POP" true true false 8 Double 0 0,First,#,HD_20211026_,HD_20211026_.F18_POP,-1,-1;NH18_WHT "NH18_WHT" true true false 8 Double 0 0,First,#,HD_20211026_,HD_20211026_.NH18_WHT,-1,-1;F18_AP_BLK "F18_AP_BLK" true true false 8 Double 0 0,First,#,HD_20211026_,HD_20211026_.F18_AP_BLK,-1,-1;F18_AP_IND "F18_AP_IND" true true false 8 Double 0 0,First,#,HD_20211026_,HD_20211026_.F18_AP_IND,-1,-1;F18_AP_ASN "F18_AP_ASN" true true false 8 Double 0 0,First,#,HD_20211026_,HD_20211026_.F18_AP_ASN,-1,-1;F18_AP_HWN "F18_AP_HWN" true true false 8 Double 0 0,First,#,HD_20211026_,HD_20211026_.F18_AP_HWN,-1,-1;F18_AP_OTH "F18_AP_OTH" true true false 8 Double 0 0,First,#,HD_20211026_,HD_20211026_.F18_AP_OTH,-1,-1;H18_POP "H18_POP" true true false 8 Double 0 0,First,#,HD_20211026_,HD_20211026_.H18_POP,-1,-1;IDEAL_VALU "IDEAL_VALU" true true false 8 Double 0 0,First,#,HD_20211026_,HD_20211026_.IDEAL_VALU,-1,-1;DEVIATION "DEVIATION" true true false 8 Double 0 0,First,#,HD_20211026_,HD_20211026_.DEVIATION,-1,-1;F_DEVIATIO "F_DEVIATIO" true true false 8 Double 0 0,First,#,HD_20211026_,HD_20211026_.F_DEVIATIO,-1,-1;ALTERNATE_ "ALTERNATE_" true true false 8 Double 0 0,First,#,HD_20211026_,HD_20211026_.ALTERNATE_,-1,-1;POLSBY_POP "POLSBY_POP" true true false 8 Double 0 0,First,#,HD_20211026_,HD_20211026_.POLSBY_POP,-1,-1;PERIMETER "PERIMETER" true true false 8 Double 0 0,First,#,HD_20211026_,HD_20211026_.PERIMETER,-1,-1;REOCK "REOCK" true true false 8 Double 0 0,First,#,HD_20211026_,HD_20211026_.REOCK,-1,-1;F_NH_WHT "F_NH_WHT" true true false 8 Double 0 0,First,#,HD_20211026_,HD_20211026_.F_NH_WHT,-1,-1;F_AP_BLK "F_AP_BLK" true true false 8 Double 0 0,First,#,HD_20211026_,HD_20211026_.F_AP_BLK,-1,-1;F_AP_IND "F_AP_IND" true true false 8 Double 0 0,First,#,HD_20211026_,HD_20211026_.F_AP_IND,-1,-1;F_AP_ASN "F_AP_ASN" true true false 8 Double 0 0,First,#,HD_20211026_,HD_20211026_.F_AP_ASN,-1,-1;F_AP_HWN "F_AP_HWN" true true false 8 Double 0 0,First,#,HD_20211026_,HD_20211026_.F_AP_HWN,-1,-1;F_AP_OTH "F_AP_OTH" true true false 8 Double 0 0,First,#,HD_20211026_,HD_20211026_.F_AP_OTH,-1,-1;F_HISPANIC "F_HISPANIC" true true false 8 Double 0 0,First,#,HD_20211026_,HD_20211026_.F_HISPANIC,-1,-1;F_NH18_WHT "F_NH18_WHT" true true false 8 Double 0 0,First,#,HD_20211026_,HD_20211026_.F_NH18_WHT,-1,-1;F_18_AP_BL "F_18_AP_BL" true true false 8 Double 0 0,First,#,HD_20211026_,HD_20211026_.F_18_AP_BL,-1,-1;F_18_AP_IN "F_18_AP_IN" true true false 8 Double 0 0,First,#,HD_20211026_,HD_20211026_.F_18_AP_IN,-1,-1;F_18_AP_AS "F_18_AP_AS" true true false 8 Double 0 0,First,#,HD_20211026_,HD_20211026_.F_18_AP_AS,-1,-1;F_18_AP_HW "F_18_AP_HW" true true false 8 Double 0 0,First,#,HD_20211026_,HD_20211026_.F_18_AP_HW,-1,-1;F_18_AP_OT "F_18_AP_OT" true true false 8 Double 0 0,First,#,HD_20211026_,HD_20211026_.F_18_AP_OT,-1,-1;F_H18_POP "F_H18_POP" true true false 8 Double 0 0,First,#,HD_20211026_,HD_20211026_.F_H18_POP,-1,-1;Symbol "Symbol" true true false 8 Double 0 0,First,#,HD_20211026_,HD_carto.Symbol,-1,-1;Label "Label" true true false 2 Short 0 0,First,#,HD_20211026_,HD_carto.Label,-1,-1;Rotate "Rotate" true true false 255 Text 0 0,First,#,HD_20211026_,HD_carto.Rotate,0,255;Link "Link" true true false 255 Text 0 0,First,#,HD_20211026_,HD_carto.Link,0,255" #</Process><Process ToolSource="c:\program files\arcgis\pro\Resources\ArcToolbox\toolboxes\Conversion Tools.tbx\FeatureClassToFeatureClass" Date="20211213" Time="140322" Name="" export="">FeatureClassToFeatureClass "Q:\HRO 2021\_Working Maps and Data\Tricia\Draft Plans\Proposed.gdb\HD_20211026_carto" "Q:\HRO 2021\_Working Maps and Data\Tricia\Draft Plans\Proposed.gdb" HD_2021_carto # "DISTRICT "DISTRICT" true true false 2 Short 0 0,First,#,Q:\HRO 2021\_Working Maps and Data\Tricia\Draft Plans\Proposed.gdb\HD_20211026_carto,DISTRICT,-1,-1;AREA "AREA" true true false 8 Double 0 0,First,#,Q:\HRO 2021\_Working Maps and Data\Tricia\Draft Plans\Proposed.gdb\HD_20211026_carto,AREA,-1,-1;POPULATION "POPULATION" true true false 8 Double 0 0,First,#,Q:\HRO 2021\_Working Maps and Data\Tricia\Draft Plans\Proposed.gdb\HD_20211026_carto,POPULATION,-1,-1;Symbol "Symbol" true true false 8 Double 0 0,First,#,Q:\HRO 2021\_Working Maps and Data\Tricia\Draft Plans\Proposed.gdb\HD_20211026_carto,Symbol,-1,-1;Label "Label" true true false 2 Short 0 0,First,#,Q:\HRO 2021\_Working Maps and Data\Tricia\Draft Plans\Proposed.gdb\HD_20211026_carto,Label,-1,-1;Rotate "Rotate" true true false 255 Text 0 0,First,#,Q:\HRO 2021\_Working Maps and Data\Tricia\Draft Plans\Proposed.gdb\HD_20211026_carto,Rotate,0,255;Link "Link" true true false 255 Text 0 0,First,#,Q:\HRO 2021\_Working Maps and Data\Tricia\Draft Plans\Proposed.gdb\HD_20211026_carto,Link,0,255" #</Process><Process ToolSource="c:\program files\arcgis\pro\Resources\ArcToolbox\toolboxes\Data Management Tools.tbx\Rename" Date="20220105" Time="103152" Name="" export="">Rename G:\GDBs\Districts_2022.gdb\HD_2021_carto G:\GDBs\Districts_2022.gdb\HD_2022_carto FeatureClass</Process><Process ToolSource="c:\program files\arcgis\pro\Resources\ArcToolbox\toolboxes\Conversion Tools.tbx\FeatureClassToFeatureClass" Date="20220105" Time="104320">FeatureClassToFeatureClass G:\GDBs\Districts_2022.gdb\HD_2022_carto "G:\GDBs\Shapefiles\Sharing Public" HD_2022.shp # "DISTRICT "DISTRICT" true true false 2 Short 0 0,First,#,G:\GDBs\Districts_2022.gdb\HD_2022_carto,DISTRICT,-1,-1" #</Process></lineage><itemProps><itemName Sync="TRUE">HD_2022</itemName><imsContentType Sync="TRUE">002</imsContentType><itemLocation><linkage Sync="TRUE">file://\\OHR.LSB.STATE.OK.US\ROOT\SYS\HOME\Tricia.Hines\GDBs\Shapefiles\Sharing Public\HD_2022.shp</linkage><protocol Sync="TRUE">Local Area Network</protocol></itemLocation><itemSize Sync="TRUE">0.000</itemSize></itemProps><coordRef><type Sync="TRUE">Geographic</type><geogcsn Sync="TRUE">GCS_North_American_1983</geogcsn><csUnits Sync="TRUE">Angular Unit: Degree (0.017453)</csUnits><peXml Sync="TRUE">&lt;GeographicCoordinateSystem xsi:type='typens:GeographicCoordinateSystem' xmlns:xsi='http://www.w3.org/2001/XMLSchema-instance' xmlns:xs='http://www.w3.org/2001/XMLSchema' xmlns:typens='http://www.esri.com/schemas/ArcGIS/2.9.0'&gt;&lt;WKT&gt;GEOGCS[&amp;quot;GCS_North_American_1983&amp;quot;,DATUM[&amp;quot;D_North_American_1983&amp;quot;,SPHEROID[&amp;quot;GRS_1980&amp;quot;,6378137.0,298.257222101]],PRIMEM[&amp;quot;Greenwich&amp;quot;,0.0],UNIT[&amp;quot;Degree&amp;quot;,0.0174532925199433],AUTHORITY[&amp;quot;EPSG&amp;quot;,4269]]&lt;/WKT&gt;&lt;XOrigin&gt;-400&lt;/XOrigin&gt;&lt;YOrigin&gt;-400&lt;/YOrigin&gt;&lt;XYScale&gt;11258999068426.238&lt;/XYScale&gt;&lt;ZOrigin&gt;-100000&lt;/ZOrigin&gt;&lt;ZScale&gt;10000&lt;/ZScale&gt;&lt;MOrigin&gt;-100000&lt;/MOrigin&gt;&lt;MScale&gt;10000&lt;/MScale&gt;&lt;XYTolerance&gt;8.983152841195215e-09&lt;/XYTolerance&gt;&lt;ZTolerance&gt;0.001&lt;/ZTolerance&gt;&lt;MTolerance&gt;0.001&lt;/MTolerance&gt;&lt;HighPrecision&gt;true&lt;/HighPrecision&gt;&lt;LeftLongitude&gt;-180&lt;/LeftLongitude&gt;&lt;WKID&gt;4269&lt;/WKID&gt;&lt;LatestWKID&gt;4269&lt;/LatestWKID&gt;&lt;/GeographicCoordinateSystem&gt;</peXml></coordRef></DataProperties><SyncDate>20220105</SyncDate><SyncTime>10432000</SyncTime><ModDate>20220105</ModDate><ModTime>10432000</ModTime><scaleRange><minScale>150000000</minScale><maxScale>5000</maxScale></scaleRange><ArcGISProfile>ItemDescription</ArcGISProfile></Esri><dataIdInfo><envirDesc Sync="TRUE">Microsoft Windows 10 Version 10.0 (Build 19043) ; Esri ArcGIS 12.9.0.32739</envirDesc><dataLang><languageCode value="eng" Sync="TRUE"/><countryCode value="USA" Sync="TRUE"/></dataLang><idCitation><resTitle Sync="FALSE">Oklahoma House Districts 2020 Census</resTitle><presForm><PresFormCd value="005" Sync="TRUE"/></presForm></idCitation><spatRpType><SpatRepTypCd value="001" Sync="TRUE"/></spatRpType><idPurp>Oklahoma House Districts drawn with the 2020 Census. These are the legislative districts for the Oklahoma House of Representatives for the elections in 2022 through 2030. 2021 HB 1001X creates the State House of Representatives Redistricting Act of 2021 to divide the state into 101 state House districts with roughly 39,202 people in each district. </idPurp><idCredit>Oklahoma House Redistricting Office, tricia.hines@okhouse.gov</idCredit><searchKeys><keyword>House</keyword><keyword>2020_Census</keyword><keyword>redistricting</keyword></searchKeys></dataIdInfo><mdLang><languageCode value="eng" Sync="TRUE"/><countryCode value="USA" Sync="TRUE"/></mdLang><distInfo><distFormat><formatName Sync="TRUE">Shapefile</formatName></distFormat><distTranOps><transSize Sync="TRUE">0.000</transSize></distTranOps></distInfo><mdHrLv><ScopeCd value="005" Sync="TRUE"/></mdHrLv><mdHrLvName Sync="TRUE">dataset</mdHrLvName><refSysInfo><RefSystem><refSysID><identCode code="4269" Sync="TRUE"/><idCodeSpace Sync="TRUE">EPSG</idCodeSpace><idVersion Sync="TRUE">6.5(3.0.1)</idVersion></refSysID></RefSystem></refSysInfo><spatRepInfo><VectSpatRep><geometObjs Name="HD_2022"><geoObjTyp><GeoObjTypCd value="002" Sync="TRUE"></GeoObjTypCd></geoObjTyp><geoObjCnt Sync="TRUE">0</geoObjCnt></geometObjs><topLvl><TopoLevCd value="001" Sync="TRUE"></TopoLevCd></topLvl></VectSpatRep></spatRepInfo><spdoinfo><ptvctinf><esriterm Name="HD_2022"><efeatyp Sync="TRUE">Simple</efeatyp><efeageom code="4" Sync="TRUE"></efeageom><esritopo Sync="TRUE">FALSE</esritopo><efeacnt Sync="TRUE">0</efeacnt><spindex Sync="TRUE">FALSE</spindex><linrefer Sync="TRUE">FALSE</linrefer></esriterm></ptvctinf></spdoinfo><eainfo><detailed Name="HD_2022"><enttyp><enttypl Sync="TRUE">HD_2022</enttypl><enttypt Sync="TRUE">Feature Class</enttypt><enttypc Sync="TRUE">0</enttypc></enttyp><attr><attrlabl Sync="TRUE">FID</attrlabl><attalias Sync="TRUE">FID</attalias><attrtype Sync="TRUE">OID</attrtype><attwidth Sync="TRUE">4</attwidth><atprecis Sync="TRUE">0</atprecis><attscale Sync="TRUE">0</attscale><attrdef Sync="TRUE">Internal feature number.</attrdef><attrdefs Sync="TRUE">Esri</attrdefs><attrdomv><udom Sync="TRUE">Sequential unique whole numbers that are automatically generated.</udom></attrdomv></attr><attr><attrlabl Sync="TRUE">Shape</attrlabl><attalias Sync="TRUE">Shape</attalias><attrtype Sync="TRUE">Geometry</attrtype><attwidth Sync="TRUE">0</attwidth><atprecis Sync="TRUE">0</atprecis><attscale Sync="TRUE">0</attscale><attrdef Sync="TRUE">Feature geometry.</attrdef><attrdefs Sync="TRUE">Esri</attrdefs><attrdomv><udom Sync="TRUE">Coordinates defining the features.</udom></attrdomv></attr><attr><attrlabl Sync="TRUE">DISTRICT</attrlabl><attalias Sync="TRUE">DISTRICT</attalias><attrtype Sync="TRUE">Integer</attrtype><attwidth Sync="TRUE">5</attwidth><atprecis Sync="TRUE">5</atprecis><attscale Sync="TRUE">0</attscale></attr></detailed></eainfo><mdDateSt Sync="TRUE">20220105</mdDateSt></metadata>
