<metadata xml:lang="en"><Esri><CreaDate>20211119</CreaDate><CreaTime>11554800</CreaTime><ArcGISFormat>1.0</ArcGISFormat><SyncOnce>FALSE</SyncOnce><DataProperties><lineage><Process ToolSource="c:\program files\arcgis\pro\Resources\ArcToolbox\toolboxes\Conversion Tools.tbx\FeatureClassToFeatureClass" Date="20211119" Time="115548" Name="" export="">FeatureClassToFeatureClass "Senate Districts" "Q:\HRO 2021\_Working Maps and Data\Tricia\Draft Plans\Proposed.gdb" SD_2021_carto # "AREA "AREA" true true false 8 Double 0 0,First,#,Senate Districts,SD_20211026.AREA,-1,-1;DISTRICT "DISTRICT" true true false 12 Short 0 0,First,#,Senate Districts,SD_20211026.DISTRICT,0,12;POPULATION "POPULATION" true true false 4 Long 0 0,First,#,Senate Districts,SD_20211026.POPULATION,-1,-1;Symbol "Symbol" true true false 8 Double 0 0,First,#,Senate Districts,Proposed_Senate_Districts_0$.Symbol,-1,-1;NH_WHT "NH_WHT" true true false 4 Long 0 0,First,#,Senate Districts,SD_20211026.NH_WHT,-1,-1;AP_BLK "AP_BLK" true true false 4 Long 0 0,First,#,Senate Districts,SD_20211026.AP_BLK,-1,-1;AP_IND "AP_IND" true true false 4 Long 0 0,First,#,Senate Districts,SD_20211026.AP_IND,-1,-1;AP_ASN "AP_ASN" true true false 4 Long 0 0,First,#,Senate Districts,SD_20211026.AP_ASN,-1,-1;AP_HWN "AP_HWN" true true false 4 Long 0 0,First,#,Senate Districts,SD_20211026.AP_HWN,-1,-1;AP_OTH "AP_OTH" true true false 4 Long 0 0,First,#,Senate Districts,SD_20211026.AP_OTH,-1,-1;HISPANIC_O "HISPANIC_O" true true false 4 Long 0 0,First,#,Senate Districts,SD_20211026.HISPANIC_O,-1,-1;F18_POP "F18_POP" true true false 4 Long 0 0,First,#,Senate Districts,SD_20211026.F18_POP,-1,-1;NH18_POP "NH18_POP" true true false 4 Long 0 0,First,#,Senate Districts,SD_20211026.NH18_POP,-1,-1;F18_AP_BLK "F18_AP_BLK" true true false 4 Long 0 0,First,#,Senate Districts,SD_20211026.F18_AP_BLK,-1,-1;F18_AP_IND "F18_AP_IND" true true false 4 Long 0 0,First,#,Senate Districts,SD_20211026.F18_AP_IND,-1,-1;F18_AP_ASN "F18_AP_ASN" true true false 4 Long 0 0,First,#,Senate Districts,SD_20211026.F18_AP_ASN,-1,-1;F18_AP_HWN "F18_AP_HWN" true true false 4 Long 0 0,First,#,Senate Districts,SD_20211026.F18_AP_HWN,-1,-1;F18_AP_OTH "F18_AP_OTH" true true false 4 Long 0 0,First,#,Senate Districts,SD_20211026.F18_AP_OTH,-1,-1;IDEAL_VALU "IDEAL_VALU" true true false 8 Double 0 0,First,#,Senate Districts,SD_20211026.IDEAL_VALU,-1,-1;DEVIATION "DEVIATION" true true false 8 Double 0 0,First,#,Senate Districts,SD_20211026.DEVIATION,-1,-1;F_DEVIATIO "F_DEVIATIO" true true false 8 Double 0 0,First,#,Senate Districts,SD_20211026.F_DEVIATIO,-1,-1;ALTERNATE_ "ALTERNATE_" true true false 8 Double 0 0,First,#,Senate Districts,SD_20211026.ALTERNATE_,-1,-1;POLSBY_POP "POLSBY_POP" true true false 8 Double 0 0,First,#,Senate Districts,SD_20211026.POLSBY_POP,-1,-1;REOCK "REOCK" true true false 8 Double 0 0,First,#,Senate Districts,SD_20211026.REOCK,-1,-1;F_NH_WHT "F_NH_WHT" true true false 8 Double 0 0,First,#,Senate Districts,SD_20211026.F_NH_WHT,-1,-1;F_AP_BLK "F_AP_BLK" true true false 8 Double 0 0,First,#,Senate Districts,SD_20211026.F_AP_BLK,-1,-1;F_AP_IND "F_AP_IND" true true false 8 Double 0 0,First,#,Senate Districts,SD_20211026.F_AP_IND,-1,-1;F_AP_ASN "F_AP_ASN" true true false 8 Double 0 0,First,#,Senate Districts,SD_20211026.F_AP_ASN,-1,-1;F_AP_HWN "F_AP_HWN" true true false 8 Double 0 0,First,#,Senate Districts,SD_20211026.F_AP_HWN,-1,-1;F_AP_OTH "F_AP_OTH" true true false 8 Double 0 0,First,#,Senate Districts,SD_20211026.F_AP_OTH,-1,-1;F_HISPANIC "F_HISPANIC" true true false 8 Double 0 0,First,#,Senate Districts,SD_20211026.F_HISPANIC,-1,-1;F_18_POP "F_18_POP" true true false 8 Double 0 0,First,#,Senate Districts,SD_20211026.F_18_POP,-1,-1;F_NH18_POP "F_NH18_POP" true true false 8 Double 0 0,First,#,Senate Districts,SD_20211026.F_NH18_POP,-1,-1;F_18_AP_BL "F_18_AP_BL" true true false 8 Double 0 0,First,#,Senate Districts,SD_20211026.F_18_AP_BL,-1,-1;F_18_AP_IN "F_18_AP_IN" true true false 8 Double 0 0,First,#,Senate Districts,SD_20211026.F_18_AP_IN,-1,-1;F_18_AP_AS "F_18_AP_AS" true true false 8 Double 0 0,First,#,Senate Districts,SD_20211026.F_18_AP_AS,-1,-1;F_18_AP_HW "F_18_AP_HW" true true false 8 Double 0 0,First,#,Senate Districts,SD_20211026.F_18_AP_HW,-1,-1;F_18_AP_OT "F_18_AP_OT" true true false 8 Double 0 0,First,#,Senate Districts,SD_20211026.F_18_AP_OT,-1,-1;Shape_Length "Shape_Length" false true true 8 Double 0 0,First,#,Senate Districts,SD_20211026.Shape_Length,-1,-1;Shape_Area "Shape_Area" false true true 8 Double 0 0,First,#,Senate Districts,SD_20211026.Shape_Area,-1,-1;District_1 "District" true true false 8 Double 0 0,First,#,Senate Districts,Proposed_Senate_Districts_0$.District,-1,-1;Population_1 "Population" true true false 8 Double 0 0,First,#,Senate Districts,Proposed_Senate_Districts_0$.Population,-1,-1;Ideal "Ideal" true true false 8 Double 0 0,First,#,Senate Districts,Proposed_Senate_Districts_0$.Ideal,-1,-1;Deviation_1 "Deviation" true true false 8 Double 0 0,First,#,Senate Districts,Proposed_Senate_Districts_0$.Deviation,-1,-1;F__Deviation "% Deviation" true true false 8 Double 0 0,First,#,Senate Districts,Proposed_Senate_Districts_0$.F__Deviation,-1,-1;Non_Hispanic_white "Non-Hispanic white" true true false 8 Double 0 0,First,#,Senate Districts,Proposed_Senate_Districts_0$.Non_Hispanic_white,-1,-1;All_or_part_Black "All or part Black" true true false 8 Double 0 0,First,#,Senate Districts,Proposed_Senate_Districts_0$.All_or_part_Black,-1,-1;All_or_part_Native_American "All or part Native American" true true false 8 Double 0 0,First,#,Senate Districts,Proposed_Senate_Districts_0$.All_or_part_Native_American,-1,-1;All_or_part_Asian "All or part Asian" true true false 8 Double 0 0,First,#,Senate Districts,Proposed_Senate_Districts_0$.All_or_part_Asian,-1,-1;All_or_part_Hawaiian "All or part Hawaiian" true true false 8 Double 0 0,First,#,Senate Districts,Proposed_Senate_Districts_0$.All_or_part_Hawaiian,-1,-1;All_or_part_other_race_or_ethni "All or part other race or ethnicity" true true false 8 Double 0 0,First,#,Senate Districts,Proposed_Senate_Districts_0$.All_or_part_other_race_or_ethni,-1,-1;Hispanic_origin "Hispanic origin" true true false 8 Double 0 0,First,#,Senate Districts,Proposed_Senate_Districts_0$.Hispanic_origin,-1,-1;F18__population "18+ population" true true false 8 Double 0 0,First,#,Senate Districts,Proposed_Senate_Districts_0$.F18__population,-1,-1;F18__non_Hispanic_white "18+ non-Hispanic white" true true false 8 Double 0 0,First,#,Senate Districts,Proposed_Senate_Districts_0$.F18__non_Hispanic_white,-1,-1;F18__all_or_part_Black "18+ all or part Black" true true false 8 Double 0 0,First,#,Senate Districts,Proposed_Senate_Districts_0$.F18__all_or_part_Black,-1,-1;F18__all_or_part_Native_America "18+ all or part Native American" true true false 8 Double 0 0,First,#,Senate Districts,Proposed_Senate_Districts_0$.F18__all_or_part_Native_America,-1,-1;F18__all_or_part_Asian "18+ all or part Asian" true true false 8 Double 0 0,First,#,Senate Districts,Proposed_Senate_Districts_0$.F18__all_or_part_Asian,-1,-1;F18__all_or_part_Hawaiian "18+ all or part Hawaiian" true true false 8 Double 0 0,First,#,Senate Districts,Proposed_Senate_Districts_0$.F18__all_or_part_Hawaiian,-1,-1;F18__all_or_part_other "18+ all or part other" true true false 8 Double 0 0,First,#,Senate Districts,Proposed_Senate_Districts_0$.F18__all_or_part_other,-1,-1;F__non_Hispanic_white "% non-Hispanic white" true true false 8 Double 0 0,First,#,Senate Districts,Proposed_Senate_Districts_0$.F__non_Hispanic_white,-1,-1;F__all_or_part_Black "% all or part Black" true true false 8 Double 0 0,First,#,Senate Districts,Proposed_Senate_Districts_0$.F__all_or_part_Black,-1,-1;F__all_or_part_Native_American "% all or part Native American" true true false 8 Double 0 0,First,#,Senate Districts,Proposed_Senate_Districts_0$.F__all_or_part_Native_American,-1,-1;F__all_or_part_Asian "% all or part Asian" true true false 8 Double 0 0,First,#,Senate Districts,Proposed_Senate_Districts_0$.F__all_or_part_Asian,-1,-1;F__all_or_part_Hawaiian "% all or part Hawaiian" true true false 8 Double 0 0,First,#,Senate Districts,Proposed_Senate_Districts_0$.F__all_or_part_Hawaiian,-1,-1;F__all_or_part_other "% all or part other" true true false 8 Double 0 0,First,#,Senate Districts,Proposed_Senate_Districts_0$.F__all_or_part_other,-1,-1;F__Hispanic "% Hispanic" true true false 8 Double 0 0,First,#,Senate Districts,Proposed_Senate_Districts_0$.F__Hispanic,-1,-1;F__18_ "% 18+" true true false 8 Double 0 0,First,#,Senate Districts,Proposed_Senate_Districts_0$.F__18_,-1,-1;F__18__non_Hispanic_white "% 18+ non-Hispanic white" true true false 8 Double 0 0,First,#,Senate Districts,Proposed_Senate_Districts_0$.F__18__non_Hispanic_white,-1,-1;F__18__all_or_part_Black "% 18+ all or part Black" true true false 8 Double 0 0,First,#,Senate Districts,Proposed_Senate_Districts_0$.F__18__all_or_part_Black,-1,-1;F__18__all_or_part_Native_Ameri "% 18+ all or part Native American" true true false 8 Double 0 0,First,#,Senate Districts,Proposed_Senate_Districts_0$.F__18__all_or_part_Native_Ameri,-1,-1;F__18__all_or_part_Asian "% 18+ all or part Asian" true true false 8 Double 0 0,First,#,Senate Districts,Proposed_Senate_Districts_0$.F__18__all_or_part_Asian,-1,-1;F__18__all_or_part_Hawaiian "% 18+ all or part Hawaiian" true true false 8 Double 0 0,First,#,Senate Districts,Proposed_Senate_Districts_0$.F__18__all_or_part_Hawaiian,-1,-1;F__18__all_or_part_other "% 18+ all or part other" true true false 8 Double 0 0,First,#,Senate Districts,Proposed_Senate_Districts_0$.F__18__all_or_part_other,-1,-1;Polsby_Popper_score "Polsby-Popper score" true true false 8 Double 0 0,First,#,Senate Districts,Proposed_Senate_Districts_0$.Polsby_Popper_score,-1,-1;Reock_score "Reock score" true true false 8 Double 0 0,First,#,Senate Districts,Proposed_Senate_Districts_0$.Reock_score,-1,-1;URL "URL" true true false 255 Text 0 0,First,#,Senate Districts,Proposed_Senate_Districts_0$.URL,0,255;F18__Hispanic_origin "18+ Hispanic origin" true true false 8 Double 0 0,First,#,Senate Districts,Proposed_Senate_Districts_0$.F18__Hispanic_origin,-1,-1;F__18__Hispanic_origin "% 18+ Hispanic origin" true true false 8 Double 0 0,First,#,Senate Districts,Proposed_Senate_Districts_0$.F__18__Hispanic_origin,-1,-1" #</Process><Process ToolSource="c:\program files\arcgis\pro\Resources\ArcToolbox\toolboxes\Conversion Tools.tbx\FeatureClassToFeatureClass" Date="20211213" Time="140600" Name="" export="">FeatureClassToFeatureClass "Q:\HRO 2021\_Working Maps and Data\Tricia\Draft Plans\Proposed.gdb\SD_2021_carto" "Q:\HRO 2021\_Working Maps and Data\Tricia\Draft Plans\Proposed.gdb" SD_2021_carto1 # "District "District" true true false 2 Short 0 0,First,#,Q:\HRO 2021\_Working Maps and Data\Tricia\Draft Plans\Proposed.gdb\SD_2021_carto,DISTRICT,-1,-1;Area "Area" true true false 8 Double 0 0,First,#,Q:\HRO 2021\_Working Maps and Data\Tricia\Draft Plans\Proposed.gdb\SD_2021_carto,AREA,-1,-1;Population "Population" true true false 4 Long 0 0,First,#,Q:\HRO 2021\_Working Maps and Data\Tricia\Draft Plans\Proposed.gdb\SD_2021_carto,POPULATION,-1,-1;Symbol "Symbol" true true false 8 Double 0 0,First,#,Q:\HRO 2021\_Working Maps and Data\Tricia\Draft Plans\Proposed.gdb\SD_2021_carto,Symbol,-1,-1;Link "Link" true true false 255 Text 0 0,First,#,Q:\HRO 2021\_Working Maps and Data\Tricia\Draft Plans\Proposed.gdb\SD_2021_carto,URL,0,255" #</Process><Process ToolSource="c:\program files\arcgis\pro\Resources\ArcToolbox\toolboxes\Data Management Tools.tbx\Rename" Date="20211213" Time="140804" Name="" export="">Rename "Q:\HRO 2021\_Working Maps and Data\Tricia\Draft Plans\Proposed.gdb\SD_2021_carto1" "Q:\HRO 2021\_Working Maps and Data\Tricia\Draft Plans\Proposed.gdb\SD_2021_carto" FeatureClass</Process><Process ToolSource="c:\program files\arcgis\pro\Resources\ArcToolbox\toolboxes\Data Management Tools.tbx\Rename" Date="20220105" Time="104034">Rename G:\GDBs\Districts_2022.gdb\SD_2021_carto G:\GDBs\Districts_2022.gdb\SD_2022_carto FeatureClass</Process><Process ToolSource="c:\program files\arcgis\pro\Resources\ArcToolbox\toolboxes\Conversion Tools.tbx\FeatureClassToFeatureClass" Date="20220105" Time="104400">FeatureClassToFeatureClass G:\GDBs\Districts_2022.gdb\SD_2022_carto "G:\GDBs\Shapefiles\Sharing Public" SD_2022.shp # "District "District" true true false 2 Short 0 0,First,#,G:\GDBs\Districts_2022.gdb\SD_2022_carto,District,-1,-1" #</Process></lineage><itemProps><itemName Sync="TRUE">SD_2022</itemName><imsContentType Sync="TRUE">002</imsContentType><itemLocation><linkage Sync="TRUE">file://\\OHR.LSB.STATE.OK.US\ROOT\SYS\HOME\Tricia.Hines\GDBs\Shapefiles\Sharing Public\SD_2022.shp</linkage><protocol Sync="TRUE">Local Area Network</protocol></itemLocation><itemSize Sync="TRUE">0.000</itemSize></itemProps><coordRef><type Sync="TRUE">Geographic</type><geogcsn Sync="TRUE">GCS_North_American_1983</geogcsn><csUnits Sync="TRUE">Angular Unit: Degree (0.017453)</csUnits><peXml Sync="TRUE">&lt;GeographicCoordinateSystem xsi:type='typens:GeographicCoordinateSystem' xmlns:xsi='http://www.w3.org/2001/XMLSchema-instance' xmlns:xs='http://www.w3.org/2001/XMLSchema' xmlns:typens='http://www.esri.com/schemas/ArcGIS/2.9.0'&gt;&lt;WKT&gt;GEOGCS[&amp;quot;GCS_North_American_1983&amp;quot;,DATUM[&amp;quot;D_North_American_1983&amp;quot;,SPHEROID[&amp;quot;GRS_1980&amp;quot;,6378137.0,298.257222101]],PRIMEM[&amp;quot;Greenwich&amp;quot;,0.0],UNIT[&amp;quot;Degree&amp;quot;,0.0174532925199433],AUTHORITY[&amp;quot;EPSG&amp;quot;,4269]]&lt;/WKT&gt;&lt;XOrigin&gt;-400&lt;/XOrigin&gt;&lt;YOrigin&gt;-400&lt;/YOrigin&gt;&lt;XYScale&gt;11258999068426.238&lt;/XYScale&gt;&lt;ZOrigin&gt;-100000&lt;/ZOrigin&gt;&lt;ZScale&gt;10000&lt;/ZScale&gt;&lt;MOrigin&gt;-100000&lt;/MOrigin&gt;&lt;MScale&gt;10000&lt;/MScale&gt;&lt;XYTolerance&gt;8.983152841195215e-09&lt;/XYTolerance&gt;&lt;ZTolerance&gt;0.001&lt;/ZTolerance&gt;&lt;MTolerance&gt;0.001&lt;/MTolerance&gt;&lt;HighPrecision&gt;true&lt;/HighPrecision&gt;&lt;LeftLongitude&gt;-180&lt;/LeftLongitude&gt;&lt;WKID&gt;4269&lt;/WKID&gt;&lt;LatestWKID&gt;4269&lt;/LatestWKID&gt;&lt;/GeographicCoordinateSystem&gt;</peXml></coordRef></DataProperties><SyncDate>20220105</SyncDate><SyncTime>10440000</SyncTime><ModDate>20220105</ModDate><ModTime>10440000</ModTime><scaleRange><minScale>150000000</minScale><maxScale>5000</maxScale></scaleRange><ArcGISProfile>ItemDescription</ArcGISProfile></Esri><dataIdInfo><envirDesc Sync="TRUE">Microsoft Windows 10 Version 10.0 (Build 19043) ; Esri ArcGIS 12.9.0.32739</envirDesc><dataLang><languageCode value="eng" Sync="TRUE"/><countryCode value="USA" Sync="TRUE"/></dataLang><idCitation><resTitle Sync="FALSE">Oklahoma Senate Districts 2020 Census </resTitle><presForm><PresFormCd value="005" Sync="TRUE"/></presForm></idCitation><spatRpType><SpatRepTypCd value="001" Sync="TRUE"/></spatRpType><idPurp>Legislative districts for the Oklahoma Senate for the elections in 2022 through 2030. 2021 SB 1X creates the State Senate Redistricting Act of 2021 to divide the state into 48 state Senate districts with roughly 82,487 people in each district.</idPurp><searchKeys><keyword>Senate</keyword><keyword>2020_Census</keyword><keyword>redistricting</keyword></searchKeys><idCredit>Oklahoma House Redistricting Office, tricia.hines@okhouse.gov</idCredit></dataIdInfo><mdLang><languageCode value="eng" Sync="TRUE"/><countryCode value="USA" Sync="TRUE"/></mdLang><distInfo><distFormat><formatName Sync="TRUE">Shapefile</formatName></distFormat><distTranOps><transSize Sync="TRUE">0.000</transSize></distTranOps></distInfo><mdHrLv><ScopeCd value="005" Sync="TRUE"/></mdHrLv><mdHrLvName Sync="TRUE">dataset</mdHrLvName><refSysInfo><RefSystem><refSysID><identCode code="4269" Sync="TRUE"/><idCodeSpace Sync="TRUE">EPSG</idCodeSpace><idVersion Sync="TRUE">6.5(3.0.1)</idVersion></refSysID></RefSystem></refSysInfo><spatRepInfo><VectSpatRep><geometObjs Name="SD_2022"><geoObjTyp><GeoObjTypCd value="002" Sync="TRUE"></GeoObjTypCd></geoObjTyp><geoObjCnt Sync="TRUE">0</geoObjCnt></geometObjs><topLvl><TopoLevCd value="001" Sync="TRUE"></TopoLevCd></topLvl></VectSpatRep></spatRepInfo><spdoinfo><ptvctinf><esriterm Name="SD_2022"><efeatyp Sync="TRUE">Simple</efeatyp><efeageom code="4" Sync="TRUE"></efeageom><esritopo Sync="TRUE">FALSE</esritopo><efeacnt Sync="TRUE">0</efeacnt><spindex Sync="TRUE">FALSE</spindex><linrefer Sync="TRUE">FALSE</linrefer></esriterm></ptvctinf></spdoinfo><eainfo><detailed Name="SD_2022"><enttyp><enttypl Sync="TRUE">SD_2022</enttypl><enttypt Sync="TRUE">Feature Class</enttypt><enttypc Sync="TRUE">0</enttypc></enttyp><attr><attrlabl Sync="TRUE">FID</attrlabl><attalias Sync="TRUE">FID</attalias><attrtype Sync="TRUE">OID</attrtype><attwidth Sync="TRUE">4</attwidth><atprecis Sync="TRUE">0</atprecis><attscale Sync="TRUE">0</attscale><attrdef Sync="TRUE">Internal feature number.</attrdef><attrdefs Sync="TRUE">Esri</attrdefs><attrdomv><udom Sync="TRUE">Sequential unique whole numbers that are automatically generated.</udom></attrdomv></attr><attr><attrlabl Sync="TRUE">Shape</attrlabl><attalias Sync="TRUE">Shape</attalias><attrtype Sync="TRUE">Geometry</attrtype><attwidth Sync="TRUE">0</attwidth><atprecis Sync="TRUE">0</atprecis><attscale Sync="TRUE">0</attscale><attrdef Sync="TRUE">Feature geometry.</attrdef><attrdefs Sync="TRUE">Esri</attrdefs><attrdomv><udom Sync="TRUE">Coordinates defining the features.</udom></attrdomv></attr><attr><attrlabl Sync="TRUE">District</attrlabl><attalias Sync="TRUE">District</attalias><attrtype Sync="TRUE">Integer</attrtype><attwidth Sync="TRUE">5</attwidth><atprecis Sync="TRUE">5</atprecis><attscale Sync="TRUE">0</attscale></attr></detailed></eainfo><mdDateSt Sync="TRUE">20220105</mdDateSt></metadata>
